Column1,Voll,Demand_Segment,Cost_of_Demand_Curtailment_per_MW,Max_Demand_Curtailment,Rep_Periods,Timesteps_per_Rep_Period,Sub_Weights,Time_Index,Load_MW_z1
0,50000,1,1,1,11,168,168.46153846153848,1,40635.57
1,,,,,,,168.46153846153848,2,40815.57
2,,,,,,,168.46153846153848,3,40857.57
3,,,,,,,168.46153846153848,4,40982.57
4,,,,,,,168.46153846153848,5,41460.57
5,,,,,,,168.46153846153848,6,42403.57
6,,,,,,,3032.3076923076924,7,43502.57
7,,,,,,,1853.076923076923,8,44035.57
8,,,,,,,1347.6923076923078,9,44556.57
9,,,,,,,1347.6923076923078,10,45380.57
10,,,,,,,168.46153846153848,11,45872.57
11,,,,,,,,12,45920.57
12,,,,,,,,13,45497.57
13,,,,,,,,14,44987.57
14,,,,,,,,15,44597.57
15,,,,,,,,16,44622.57
16,,,,,,,,17,45460.57
17,,,,,,,,18,47705.57
18,,,,,,,,19,49065.57
19,,,,,,,,20,48909.57
20,,,,,,,,21,48502.57
21,,,,,,,,22,47546.57
22,,,,,,,,23,45828.57
23,,,,,,,,24,44094.57
24,,,,,,,,25,42829.57
25,,,,,,,,26,42151.57
26,,,,,,,,27,42006.57
27,,,,,,,,28,42408.57
28,,,,,,,,29,43666.57
29,,,,,,,,30,46111.57
30,,,,,,,,31,48963.57
31,,,,,,,,32,51112.57
32,,,,,,,,33,52254.57
33,,,,,,,,34,53401.57
34,,,,,,,,35,54417.57
35,,,,,,,,36,54999.57
36,,,,,,,,37,55159.57
37,,,,,,,,38,55200.57
38,,,,,,,,39,55006.57
39,,,,,,,,40,54890.57
40,,,,,,,,41,55125.57
41,,,,,,,,42,56479.57
42,,,,,,,,43,57047.57
43,,,,,,,,44,56066.57
44,,,,,,,,45,54783.57
45,,,,,,,,46,52909.57
46,,,,,,,,47,50309.57
47,,,,,,,,48,47937.57
48,,,,,,,,49,46096.57
49,,,,,,,,50,45057.57
50,,,,,,,,51,44668.57
51,,,,,,,,52,44626.57
52,,,,,,,,53,45619.57
53,,,,,,,,54,47671.57
54,,,,,,,,55,50252.57
55,,,,,,,,56,51958.57
56,,,,,,,,57,52393.57
57,,,,,,,,58,52607.57
58,,,,,,,,59,52739.57
59,,,,,,,,60,52247.57
60,,,,,,,,61,51185.57
61,,,,,,,,62,49989.57
62,,,,,,,,63,48878.57
63,,,,,,,,64,48183.57
64,,,,,,,,65,48429.57
65,,,,,,,,66,50192.57
66,,,,,,,,67,52303.57
67,,,,,,,,68,52524.57
68,,,,,,,,69,52355.57
69,,,,,,,,70,51461.57
70,,,,,,,,71,49693.57
71,,,,,,,,72,47840.57
72,,,,,,,,73,46696.57
73,,,,,,,,74,46142.57
74,,,,,,,,75,45992.57
75,,,,,,,,76,46361.57
76,,,,,,,,77,47346.57
77,,,,,,,,78,49692.57
78,,,,,,,,79,52534.57
79,,,,,,,,80,53889.57
80,,,,,,,,81,53009.57
81,,,,,,,,82,50798.57
82,,,,,,,,83,48706.57
83,,,,,,,,84,46492.57
84,,,,,,,,85,44343.57
85,,,,,,,,86,42775.57
86,,,,,,,,87,41518.57
87,,,,,,,,88,40610.57
88,,,,,,,,89,40299.57
89,,,,,,,,90,41520.57
90,,,,,,,,91,43745.57
91,,,,,,,,92,44124.57
92,,,,,,,,93,44321.57
93,,,,,,,,94,44173.57
94,,,,,,,,95,43367.57
95,,,,,,,,96,42211.57
96,,,,,,,,97,41366.57
97,,,,,,,,98,41060.57
98,,,,,,,,99,41128.57
99,,,,,,,,100,41622.57
100,,,,,,,,101,42504.57
101,,,,,,,,102,43997.57
102,,,,,,,,103,45938.57
103,,,,,,,,104,47543.57
104,,,,,,,,105,47505.57
105,,,,,,,,106,45629.57
106,,,,,,,,107,43415.57
107,,,,,,,,108,41342.57
108,,,,,,,,109,39734.57
109,,,,,,,,110,38618.57
110,,,,,,,,111,37887.57
111,,,,,,,,112,37481.57
112,,,,,,,,113,37405.57
113,,,,,,,,114,38342.57
114,,,,,,,,115,40204.57
115,,,,,,,,116,40234.57
116,,,,,,,,117,39837.57
117,,,,,,,,118,39602.57
118,,,,,,,,119,38864.57
119,,,,,,,,120,38036.57
120,,,,,,,,121,37004.57
121,,,,,,,,122,36411.57
122,,,,,,,,123,36192.57
123,,,,,,,,124,36344.57
124,,,,,,,,125,36874.57
125,,,,,,,,126,37811.57
126,,,,,,,,127,39202.57
127,,,,,,,,128,40287.57
128,,,,,,,,129,40919.57
129,,,,,,,,130,40541.57
130,,,,,,,,131,39630.57
131,,,,,,,,132,39000.57
132,,,,,,,,133,38506.57
133,,,,,,,,134,38183.57
134,,,,,,,,135,37807.57
135,,,,,,,,136,37701.57
136,,,,,,,,137,37915.57
137,,,,,,,,138,39010.57
138,,,,,,,,139,40845.57
139,,,,,,,,140,40819.57
140,,,,,,,,141,40126.57
141,,,,,,,,142,38934.57
142,,,,,,,,143,37037.57
143,,,,,,,,144,34924.57
144,,,,,,,,145,33411.57
145,,,,,,,,146,32334.57
146,,,,,,,,147,31950.57
147,,,,,,,,148,31888.57
148,,,,,,,,149,32684.57
149,,,,,,,,150,34647.57
150,,,,,,,,151,37681.57
151,,,,,,,,152,39143.57
152,,,,,,,,153,39379.57
153,,,,,,,,154,39755.57
154,,,,,,,,155,40271.57
155,,,,,,,,156,40511.57
156,,,,,,,,157,40684.57
157,,,,,,,,158,40959.57
158,,,,,,,,159,40974.57
159,,,,,,,,160,40812.57
160,,,,,,,,161,40594.57
161,,,,,,,,162,41237.57
162,,,,,,,,163,42918.57
163,,,,,,,,164,42616.57
164,,,,,,,,165,41670.57
165,,,,,,,,166,40240.57
166,,,,,,,,167,38014.57
167,,,,,,,,168,35677.57
168,,,,,,,,169,54498.57
169,,,,,,,,170,54337.57
170,,,,,,,,171,54621.57
171,,,,,,,,172,55315.57
172,,,,,,,,173,56960.57
173,,,,,,,,174,60153.57
174,,,,,,,,175,64163.57
175,,,,,,,,176,64519.57
176,,,,,,,,177,62246.57
177,,,,,,,,178,59963.57
178,,,,,,,,179,57674.57
179,,,,,,,,180,55253.57
180,,,,,,,,181,52714.57
181,,,,,,,,182,50531.57
182,,,,,,,,183,48461.57
183,,,,,,,,184,47318.57
184,,,,,,,,185,47291.57
185,,,,,,,,186,48558.57
186,,,,,,,,187,51619.57
187,,,,,,,,188,54156.57
188,,,,,,,,189,54582.57
189,,,,,,,,190,53845.57
190,,,,,,,,191,51903.57
191,,,,,,,,192,50359.57
192,,,,,,,,193,49610.57
193,,,,,,,,194,49552.57
194,,,,,,,,195,49967.57
195,,,,,,,,196,50800.57
196,,,,,,,,197,52459.57
197,,,,,,,,198,55728.57
198,,,,,,,,199,60022.57
199,,,,,,,,200,59761.57
200,,,,,,,,201,56149.57
201,,,,,,,,202,53191.57
202,,,,,,,,203,50776.57
203,,,,,,,,204,48525.57
204,,,,,,,,205,46409.57
205,,,,,,,,206,45004.57
206,,,,,,,,207,43670.57
207,,,,,,,,208,43037.57
208,,,,,,,,209,43353.57
209,,,,,,,,210,44369.57
210,,,,,,,,211,46610.57
211,,,,,,,,212,48072.57
212,,,,,,,,213,48032.57
213,,,,,,,,214,46839.57
214,,,,,,,,215,44356.57
215,,,,,,,,216,42052.57
216,,,,,,,,217,40492.57
217,,,,,,,,218,39714.57
218,,,,,,,,219,39308.57
219,,,,,,,,220,39301.57
220,,,,,,,,221,40128.57
221,,,,,,,,222,42496.57
222,,,,,,,,223,46103.57
223,,,,,,,,224,46562.57
224,,,,,,,,225,45535.57
225,,,,,,,,226,44646.57
226,,,,,,,,227,43569.57
227,,,,,,,,228,42348.57
228,,,,,,,,229,41307.57
229,,,,,,,,230,40639.57
230,,,,,,,,231,40324.57
231,,,,,,,,232,40231.57
232,,,,,,,,233,40375.57
233,,,,,,,,234,40791.57
234,,,,,,,,235,42079.57
235,,,,,,,,236,42949.57
236,,,,,,,,237,42439.57
237,,,,,,,,238,41052.57
238,,,,,,,,239,38806.57
239,,,,,,,,240,36432.57
240,,,,,,,,241,34777.57
241,,,,,,,,242,33764.57
242,,,,,,,,243,33336.57
243,,,,,,,,244,33116.57
244,,,,,,,,245,33616.57
245,,,,,,,,246,35659.57
246,,,,,,,,247,39050.57
247,,,,,,,,248,40333.57
248,,,,,,,,249,40649.57
249,,,,,,,,250,41092.57
250,,,,,,,,251,41518.57
251,,,,,,,,252,41766.57
252,,,,,,,,253,41958.57
253,,,,,,,,254,42592.57
254,,,,,,,,255,43015.57
255,,,,,,,,256,43103.57
256,,,,,,,,257,42965.57
257,,,,,,,,258,42810.57
258,,,,,,,,259,43300.57
259,,,,,,,,260,43672.57
260,,,,,,,,261,42947.57
261,,,,,,,,262,41807.57
262,,,,,,,,263,40013.57
263,,,,,,,,264,38048.57
264,,,,,,,,265,36192.57
265,,,,,,,,266,35012.57
266,,,,,,,,267,34145.57
267,,,,,,,,268,33703.57
268,,,,,,,,269,33678.57
269,,,,,,,,270,34113.57
270,,,,,,,,271,35281.57
271,,,,,,,,272,36292.57
272,,,,,,,,273,38196.57
273,,,,,,,,274,40048.57
274,,,,,,,,275,41557.57
275,,,,,,,,276,42278.57
276,,,,,,,,277,42600.57
277,,,,,,,,278,42886.57
278,,,,,,,,279,43033.57
279,,,,,,,,280,43372.57
280,,,,,,,,281,43432.57
281,,,,,,,,282,42861.57
282,,,,,,,,283,42500.57
283,,,,,,,,284,42525.57
284,,,,,,,,285,41238.57
285,,,,,,,,286,39891.57
286,,,,,,,,287,38223.57
287,,,,,,,,288,36365.57
288,,,,,,,,289,34843.57
289,,,,,,,,290,33765.57
290,,,,,,,,291,33090.57
291,,,,,,,,292,32844.57
292,,,,,,,,293,33125.57
293,,,,,,,,294,33893.57
294,,,,,,,,295,34934.57
295,,,,,,,,296,36025.57
296,,,,,,,,297,37572.57
297,,,,,,,,298,38973.57
298,,,,,,,,299,39938.57
299,,,,,,,,300,40551.57
300,,,,,,,,301,40974.57
301,,,,,,,,302,41136.57
302,,,,,,,,303,41263.57
303,,,,,,,,304,41536.57
304,,,,,,,,305,41692.57
305,,,,,,,,306,41745.57
306,,,,,,,,307,42629.57
307,,,,,,,,308,43197.57
308,,,,,,,,309,42274.57
309,,,,,,,,310,40495.57
310,,,,,,,,311,38261.57
311,,,,,,,,312,36304.57
312,,,,,,,,313,35045.57
313,,,,,,,,314,34292.57
314,,,,,,,,315,34107.57
315,,,,,,,,316,34652.57
316,,,,,,,,317,36222.57
317,,,,,,,,318,38713.57
318,,,,,,,,319,40565.57
319,,,,,,,,320,41094.57
320,,,,,,,,321,41792.57
321,,,,,,,,322,42770.57
322,,,,,,,,323,43368.57
323,,,,,,,,324,43747.57
324,,,,,,,,325,44052.57
325,,,,,,,,326,43912.57
326,,,,,,,,327,43771.57
327,,,,,,,,328,43661.57
328,,,,,,,,329,43452.57
329,,,,,,,,330,43288.57
330,,,,,,,,331,43779.57
331,,,,,,,,332,43843.57
332,,,,,,,,333,42545.57
333,,,,,,,,334,40524.57
334,,,,,,,,335,37979.57
335,,,,,,,,336,36005.57
336,,,,,,,,337,36877.57
337,,,,,,,,338,36981.57
338,,,,,,,,339,37447.57
339,,,,,,,,340,38739.57
340,,,,,,,,341,41697.57
341,,,,,,,,342,46371.57
342,,,,,,,,343,47910.57
343,,,,,,,,344,46342.57
344,,,,,,,,345,44518.57
345,,,,,,,,346,42939.57
346,,,,,,,,347,41495.57
347,,,,,,,,348,40393.57
348,,,,,,,,349,39969.57
349,,,,,,,,350,39626.57
350,,,,,,,,351,39427.57
351,,,,,,,,352,39670.57
352,,,,,,,,353,39781.57
353,,,,,,,,354,39664.57
354,,,,,,,,355,40133.57
355,,,,,,,,356,41511.57
356,,,,,,,,357,40550.57
357,,,,,,,,358,38160.57
358,,,,,,,,359,35610.57
359,,,,,,,,360,33911.57
360,,,,,,,,361,33112.57
361,,,,,,,,362,32808.57
362,,,,,,,,363,32911.57
363,,,,,,,,364,33735.57
364,,,,,,,,365,36014.57
365,,,,,,,,366,39829.57
366,,,,,,,,367,41394.57
367,,,,,,,,368,40918.57
368,,,,,,,,369,40689.57
369,,,,,,,,370,40737.57
370,,,,,,,,371,40662.57
371,,,,,,,,372,40423.57
372,,,,,,,,373,40314.57
373,,,,,,,,374,40260.57
374,,,,,,,,375,40216.57
375,,,,,,,,376,40453.57
376,,,,,,,,377,40636.57
377,,,,,,,,378,40817.57
378,,,,,,,,379,41363.57
379,,,,,,,,380,42137.57
380,,,,,,,,381,41033.57
381,,,,,,,,382,38626.57
382,,,,,,,,383,36132.57
383,,,,,,,,384,34237.57
384,,,,,,,,385,33137.57
385,,,,,,,,386,32433.57
386,,,,,,,,387,32205.57
387,,,,,,,,388,32685.57
388,,,,,,,,389,34686.57
389,,,,,,,,390,38165.57
390,,,,,,,,391,39824.57
391,,,,,,,,392,39872.57
392,,,,,,,,393,40527.57
393,,,,,,,,394,41311.57
394,,,,,,,,395,42076.57
395,,,,,,,,396,42857.57
396,,,,,,,,397,43947.57
397,,,,,,,,398,45040.57
398,,,,,,,,399,46149.57
399,,,,,,,,400,47421.57
400,,,,,,,,401,47946.57
401,,,,,,,,402,47581.57
402,,,,,,,,403,46902.57
403,,,,,,,,404,47142.57
404,,,,,,,,405,45344.57
405,,,,,,,,406,42165.57
406,,,,,,,,407,38816.57
407,,,,,,,,408,36214.57
408,,,,,,,,409,34621.57
409,,,,,,,,410,33523.57
410,,,,,,,,411,33192.57
411,,,,,,,,412,33570.57
412,,,,,,,,413,35318.57
413,,,,,,,,414,38552.57
414,,,,,,,,415,39847.57
415,,,,,,,,416,40009.57
416,,,,,,,,417,40661.57
417,,,,,,,,418,41426.57
418,,,,,,,,419,42271.57
419,,,,,,,,420,43050.57
420,,,,,,,,421,44103.57
421,,,,,,,,422,45056.57
422,,,,,,,,423,46135.57
423,,,,,,,,424,47024.57
424,,,,,,,,425,46911.57
425,,,,,,,,426,45843.57
426,,,,,,,,427,44724.57
427,,,,,,,,428,44767.57
428,,,,,,,,429,43626.57
429,,,,,,,,430,41641.57
430,,,,,,,,431,39236.57
431,,,,,,,,432,37004.57
432,,,,,,,,433,35346.57
433,,,,,,,,434,34205.57
434,,,,,,,,435,33448.57
435,,,,,,,,436,33185.57
436,,,,,,,,437,33631.57
437,,,,,,,,438,34738.57
438,,,,,,,,439,35963.57
439,,,,,,,,440,37571.57
440,,,,,,,,441,39140.57
441,,,,,,,,442,40520.57
442,,,,,,,,443,41090.57
443,,,,,,,,444,41474.57
444,,,,,,,,445,41779.57
445,,,,,,,,446,42358.57
446,,,,,,,,447,42972.57
447,,,,,,,,448,43401.57
448,,,,,,,,449,43397.57
449,,,,,,,,450,42847.57
450,,,,,,,,451,42309.57
451,,,,,,,,452,42667.57
452,,,,,,,,453,41734.57
453,,,,,,,,454,40267.57
454,,,,,,,,455,38339.57
455,,,,,,,,456,36347.57
456,,,,,,,,457,34895.57
457,,,,,,,,458,33782.57
458,,,,,,,,459,33196.57
459,,,,,,,,460,33028.57
460,,,,,,,,461,33187.57
461,,,,,,,,462,33652.57
462,,,,,,,,463,34163.57
463,,,,,,,,464,35521.57
464,,,,,,,,465,36999.57
465,,,,,,,,466,38133.57
466,,,,,,,,467,38875.57
467,,,,,,,,468,39224.57
468,,,,,,,,469,39122.57
469,,,,,,,,470,39085.57
470,,,,,,,,471,39416.57
471,,,,,,,,472,39836.57
472,,,,,,,,473,40403.57
473,,,,,,,,474,40597.57
474,,,,,,,,475,40823.57
475,,,,,,,,476,41478.57
476,,,,,,,,477,40382.57
477,,,,,,,,478,37963.57
478,,,,,,,,479,35130.57
479,,,,,,,,480,33131.57
480,,,,,,,,481,31806.57
481,,,,,,,,482,31200.57
482,,,,,,,,483,31041.57
483,,,,,,,,484,31667.57
484,,,,,,,,485,33663.57
485,,,,,,,,486,37082.57
486,,,,,,,,487,38525.57
487,,,,,,,,488,38825.57
488,,,,,,,,489,39647.57
489,,,,,,,,490,40729.57
490,,,,,,,,491,41787.57
491,,,,,,,,492,42957.57
492,,,,,,,,493,44534.57
493,,,,,,,,494,46021.57
494,,,,,,,,495,47391.57
495,,,,,,,,496,48733.57
496,,,,,,,,497,49348.57
497,,,,,,,,498,49157.57
498,,,,,,,,499,48104.57
499,,,,,,,,500,47717.57
500,,,,,,,,501,45380.57
501,,,,,,,,502,41637.57
502,,,,,,,,503,38127.57
503,,,,,,,,504,35372.57
504,,,,,,,,505,45608.57
505,,,,,,,,506,43987.57
506,,,,,,,,507,43142.57
507,,,,,,,,508,43076.57
508,,,,,,,,509,44224.57
509,,,,,,,,510,45623.57
510,,,,,,,,511,46823.57
511,,,,,,,,512,49420.57
512,,,,,,,,513,52736.57
513,,,,,,,,514,56413.57
514,,,,,,,,515,59806.57
515,,,,,,,,516,62187.57
516,,,,,,,,517,63983.57
517,,,,,,,,518,65195.57
518,,,,,,,,519,65929.57
519,,,,,,,,520,66401.57
520,,,,,,,,521,65862.57
521,,,,,,,,522,64271.57
522,,,,,,,,523,62003.57
523,,,,,,,,524,59703.57
524,,,,,,,,525,57862.57
525,,,,,,,,526,54243.57
526,,,,,,,,527,50284.57
527,,,,,,,,528,47098.57
528,,,,,,,,529,44852.57
529,,,,,,,,530,43209.57
530,,,,,,,,531,42174.57
531,,,,,,,,532,42132.57
532,,,,,,,,533,43162.57
533,,,,,,,,534,44718.57
534,,,,,,,,535,46076.57
535,,,,,,,,536,48502.57
536,,,,,,,,537,51491.57
537,,,,,,,,538,54355.57
538,,,,,,,,539,56761.57
539,,,,,,,,540,58638.57
540,,,,,,,,541,60678.57
541,,,,,,,,542,62497.57
542,,,,,,,,543,64280.57
543,,,,,,,,544,65031.57
544,,,,,,,,545,64336.57
545,,,,,,,,546,62452.57
546,,,,,,,,547,60003.57
547,,,,,,,,548,57838.57
548,,,,,,,,549,56261.57
549,,,,,,,,550,53336.57
550,,,,,,,,551,49962.57
551,,,,,,,,552,47023.57
552,,,,,,,,553,44934.57
553,,,,,,,,554,43524.57
554,,,,,,,,555,42572.57
555,,,,,,,,556,42089.57
556,,,,,,,,557,42229.57
557,,,,,,,,558,42473.57
558,,,,,,,,559,42836.57
559,,,,,,,,560,45063.57
560,,,,,,,,561,48606.57
561,,,,,,,,562,52587.57
562,,,,,,,,563,56085.57
563,,,,,,,,564,59195.57
564,,,,,,,,565,61892.57
565,,,,,,,,566,63812.57
566,,,,,,,,567,65145.57
567,,,,,,,,568,65595.57
568,,,,,,,,569,65149.57
569,,,,,,,,570,63595.57
570,,,,,,,,571,60957.57
571,,,,,,,,572,58276.57
572,,,,,,,,573,56278.57
573,,,,,,,,574,54160.57
574,,,,,,,,575,51918.57
575,,,,,,,,576,49039.57
576,,,,,,,,577,46681.57
577,,,,,,,,578,44921.57
578,,,,,,,,579,43851.57
579,,,,,,,,580,43564.57
580,,,,,,,,581,44294.57
581,,,,,,,,582,45122.57
582,,,,,,,,583,46050.57
583,,,,,,,,584,48702.57
584,,,,,,,,585,52320.57
585,,,,,,,,586,56029.57
586,,,,,,,,587,59514.57
587,,,,,,,,588,62553.57
588,,,,,,,,589,65188.57
589,,,,,,,,590,67302.57
590,,,,,,,,591,68975.57
591,,,,,,,,592,69784.57
592,,,,,,,,593,69589.57
593,,,,,,,,594,67937.57
594,,,,,,,,595,65289.57
595,,,,,,,,596,62475.57
596,,,,,,,,597,60438.57
597,,,,,,,,598,57203.57
598,,,,,,,,599,53675.57
599,,,,,,,,600,50210.57
600,,,,,,,,601,47596.57
601,,,,,,,,602,45595.57
602,,,,,,,,603,44193.57
603,,,,,,,,604,43296.57
604,,,,,,,,605,42988.57
605,,,,,,,,606,42728.57
606,,,,,,,,607,43471.57
607,,,,,,,,608,46385.57
608,,,,,,,,609,50176.57
609,,,,,,,,610,54197.57
610,,,,,,,,611,57969.57
611,,,,,,,,612,61355.57
612,,,,,,,,613,64180.57
613,,,,,,,,614,66318.57
614,,,,,,,,615,67741.57
615,,,,,,,,616,68454.57
616,,,,,,,,617,67799.57
617,,,,,,,,618,65212.57
618,,,,,,,,619,61840.57
619,,,,,,,,620,59305.57
620,,,,,,,,621,57308.57
621,,,,,,,,622,54289.57
622,,,,,,,,623,51010.57
623,,,,,,,,624,47993.57
624,,,,,,,,625,45601.57
625,,,,,,,,626,43768.57
626,,,,,,,,627,42505.57
627,,,,,,,,628,41701.57
628,,,,,,,,629,41386.57
629,,,,,,,,630,41164.57
630,,,,,,,,631,41829.57
631,,,,,,,,632,44970.57
632,,,,,,,,633,49118.57
633,,,,,,,,634,53334.57
634,,,,,,,,635,57338.57
635,,,,,,,,636,60921.57
636,,,,,,,,637,64025.57
637,,,,,,,,638,66374.57
638,,,,,,,,639,68079.57
639,,,,,,,,640,69080.57
640,,,,,,,,641,69124.57
641,,,,,,,,642,68021.57
642,,,,,,,,643,65943.57
643,,,,,,,,644,63447.57
644,,,,,,,,645,61490.57
645,,,,,,,,646,57898.57
646,,,,,,,,647,53938.57
647,,,,,,,,648,50349.57
648,,,,,,,,649,47671.57
649,,,,,,,,650,45761.57
650,,,,,,,,651,44617.57
651,,,,,,,,652,44398.57
652,,,,,,,,653,45372.57
653,,,,,,,,654,46674.57
654,,,,,,,,655,48014.57
655,,,,,,,,656,50836.57
656,,,,,,,,657,54557.57
657,,,,,,,,658,58783.57
658,,,,,,,,659,62599.57
659,,,,,,,,660,65968.57
660,,,,,,,,661,68869.57
661,,,,,,,,662,70929.57
662,,,,,,,,663,71671.57
663,,,,,,,,664,71110.57
664,,,,,,,,665,69455.57
665,,,,,,,,666,66895.57
666,,,,,,,,667,64330.57
667,,,,,,,,668,62174.57
668,,,,,,,,669,60301.57
669,,,,,,,,670,56718.57
670,,,,,,,,671,52855.57
671,,,,,,,,672,49530.57
672,,,,,,,,673,48454.57
673,,,,,,,,674,46674.57
674,,,,,,,,675,45626.57
675,,,,,,,,676,45455.57
676,,,,,,,,677,46520.57
677,,,,,,,,678,48170.57
678,,,,,,,,679,49115.57
679,,,,,,,,680,51711.57
680,,,,,,,,681,55635.57
681,,,,,,,,682,60031.57
682,,,,,,,,683,64276.57
683,,,,,,,,684,68206.57
684,,,,,,,,685,71323.57
685,,,,,,,,686,73698.57
686,,,,,,,,687,74812.57
687,,,,,,,,688,74857.57
688,,,,,,,,689,73730.57
689,,,,,,,,690,71439.57
690,,,,,,,,691,68364.57
691,,,,,,,,692,65746.57
692,,,,,,,,693,63318.57
693,,,,,,,,694,59226.57
694,,,,,,,,695,54869.57
695,,,,,,,,696,50978.57
696,,,,,,,,697,48169.57
697,,,,,,,,698,46197.57
698,,,,,,,,699,44900.57
699,,,,,,,,700,44457.57
700,,,,,,,,701,45342.57
701,,,,,,,,702,46857.57
702,,,,,,,,703,47893.57
703,,,,,,,,704,50390.57
704,,,,,,,,705,54018.57
705,,,,,,,,706,58461.57
706,,,,,,,,707,63022.57
707,,,,,,,,708,66910.57
708,,,,,,,,709,70473.57
709,,,,,,,,710,72843.57
710,,,,,,,,711,73869.57
711,,,,,,,,712,74329.57
712,,,,,,,,713,74150.57
713,,,,,,,,714,72980.57
714,,,,,,,,715,70448.57
715,,,,,,,,716,67753.57
716,,,,,,,,717,65204.57
717,,,,,,,,718,60956.57
718,,,,,,,,719,56438.57
719,,,,,,,,720,52507.57
720,,,,,,,,721,49519.57
721,,,,,,,,722,47367.57
722,,,,,,,,723,45952.57
723,,,,,,,,724,45433.57
724,,,,,,,,725,46200.57
725,,,,,,,,726,47711.57
726,,,,,,,,727,48504.57
727,,,,,,,,728,50925.57
728,,,,,,,,729,54521.57
729,,,,,,,,730,58634.57
730,,,,,,,,731,62662.57
731,,,,,,,,732,66220.57
732,,,,,,,,733,69623.57
733,,,,,,,,734,72037.57
734,,,,,,,,735,73160.57
735,,,,,,,,736,73482.57
736,,,,,,,,737,72880.57
737,,,,,,,,738,71341.57
738,,,,,,,,739,68984.57
739,,,,,,,,740,66512.57
740,,,,,,,,741,64100.57
741,,,,,,,,742,60016.57
742,,,,,,,,743,55782.57
743,,,,,,,,744,52126.57
744,,,,,,,,745,49208.57
745,,,,,,,,746,47230.57
746,,,,,,,,747,45937.57
747,,,,,,,,748,45562.57
748,,,,,,,,749,46393.57
749,,,,,,,,750,47790.57
750,,,,,,,,751,48689.57
751,,,,,,,,752,51424.57
752,,,,,,,,753,55183.57
753,,,,,,,,754,59470.57
754,,,,,,,,755,63520.57
755,,,,,,,,756,67129.57
756,,,,,,,,757,70107.57
757,,,,,,,,758,72133.57
758,,,,,,,,759,73300.57
759,,,,,,,,760,73551.57
760,,,,,,,,761,73002.57
761,,,,,,,,762,71386.57
762,,,,,,,,763,68620.57
763,,,,,,,,764,66199.57
764,,,,,,,,765,63824.57
765,,,,,,,,766,60279.57
766,,,,,,,,767,56678.57
767,,,,,,,,768,53318.57
768,,,,,,,,769,50605.57
769,,,,,,,,770,48489.57
770,,,,,,,,771,46969.57
771,,,,,,,,772,46039.57
772,,,,,,,,773,45874.57
773,,,,,,,,774,45994.57
774,,,,,,,,775,46245.57
775,,,,,,,,776,48243.57
776,,,,,,,,777,50671.57
777,,,,,,,,778,53439.57
778,,,,,,,,779,56330.57
779,,,,,,,,780,58768.57
780,,,,,,,,781,60739.57
781,,,,,,,,782,62468.57
782,,,,,,,,783,63894.57
783,,,,,,,,784,64766.57
784,,,,,,,,785,64544.57
785,,,,,,,,786,63304.57
786,,,,,,,,787,61453.57
787,,,,,,,,788,59976.57
788,,,,,,,,789,58303.57
789,,,,,,,,790,55646.57
790,,,,,,,,791,52671.57
791,,,,,,,,792,49824.57
792,,,,,,,,793,47637.57
793,,,,,,,,794,46018.57
794,,,,,,,,795,44758.57
795,,,,,,,,796,44037.57
796,,,,,,,,797,43750.57
797,,,,,,,,798,43796.57
798,,,,,,,,799,43907.57
799,,,,,,,,800,45904.57
800,,,,,,,,801,48799.57
801,,,,,,,,802,51661.57
802,,,,,,,,803,54761.57
803,,,,,,,,804,57763.57
804,,,,,,,,805,60429.57
805,,,,,,,,806,62741.57
806,,,,,,,,807,64586.57
807,,,,,,,,808,66014.57
808,,,,,,,,809,66639.57
809,,,,,,,,810,66220.57
810,,,,,,,,811,64496.57
811,,,,,,,,812,62633.57
812,,,,,,,,813,60656.57
813,,,,,,,,814,57062.57
814,,,,,,,,815,53304.57
815,,,,,,,,816,49922.57
816,,,,,,,,817,47462.57
817,,,,,,,,818,45842.57
818,,,,,,,,819,44867.57
819,,,,,,,,820,44869.57
820,,,,,,,,821,46016.57
821,,,,,,,,822,47760.57
822,,,,,,,,823,48786.57
823,,,,,,,,824,51764.57
824,,,,,,,,825,55768.57
825,,,,,,,,826,60025.57
826,,,,,,,,827,63988.57
827,,,,,,,,828,67529.57
828,,,,,,,,829,70379.57
829,,,,,,,,830,72276.57
830,,,,,,,,831,73497.57
831,,,,,,,,832,73837.57
832,,,,,,,,833,73541.57
833,,,,,,,,834,72602.57
834,,,,,,,,835,70261.57
835,,,,,,,,836,67996.57
836,,,,,,,,837,65576.57
837,,,,,,,,838,61273.57
838,,,,,,,,839,56828.57
839,,,,,,,,840,53156.57
840,,,,,,,,841,50464.57
841,,,,,,,,842,48523.57
842,,,,,,,,843,47242.57
843,,,,,,,,844,46979.57
844,,,,,,,,845,47890.57
845,,,,,,,,846,49543.57
846,,,,,,,,847,50359.57
847,,,,,,,,848,53006.57
848,,,,,,,,849,56798.57
849,,,,,,,,850,61368.57
850,,,,,,,,851,65800.57
851,,,,,,,,852,69596.57
852,,,,,,,,853,72341.57
853,,,,,,,,854,74214.57
854,,,,,,,,855,75066.57
855,,,,,,,,856,75209.57
856,,,,,,,,857,74807.57
857,,,,,,,,858,73664.57
858,,,,,,,,859,71197.57
859,,,,,,,,860,68939.57
860,,,,,,,,861,66482.57
861,,,,,,,,862,62301.57
862,,,,,,,,863,57939.57
863,,,,,,,,864,54302.57
864,,,,,,,,865,51565.57
865,,,,,,,,866,49719.57
866,,,,,,,,867,48565.57
867,,,,,,,,868,48409.57
868,,,,,,,,869,49298.57
869,,,,,,,,870,50896.57
870,,,,,,,,871,51611.57
871,,,,,,,,872,53792.57
872,,,,,,,,873,57646.57
873,,,,,,,,874,62070.57
874,,,,,,,,875,66458.57
875,,,,,,,,876,70288.57
876,,,,,,,,877,73756.57
877,,,,,,,,878,76097.57
878,,,,,,,,879,76939.57
879,,,,,,,,880,77182.57
880,,,,,,,,881,76957.57
881,,,,,,,,882,75925.57
882,,,,,,,,883,73394.57
883,,,,,,,,884,70913.57
884,,,,,,,,885,68106.57
885,,,,,,,,886,63699.57
886,,,,,,,,887,59256.57
887,,,,,,,,888,55261.57
888,,,,,,,,889,52455.57
889,,,,,,,,890,50464.57
890,,,,,,,,891,49273.57
891,,,,,,,,892,48996.57
892,,,,,,,,893,49856.57
893,,,,,,,,894,51382.57
894,,,,,,,,895,51963.57
895,,,,,,,,896,54141.57
896,,,,,,,,897,57696.57
897,,,,,,,,898,61904.57
898,,,,,,,,899,65911.57
899,,,,,,,,900,69643.57
900,,,,,,,,901,73019.57
901,,,,,,,,902,75194.57
902,,,,,,,,903,76133.57
903,,,,,,,,904,76399.57
904,,,,,,,,905,75847.57
905,,,,,,,,906,74286.57
906,,,,,,,,907,71942.57
907,,,,,,,,908,69691.57
908,,,,,,,,909,67282.57
909,,,,,,,,910,63316.57
910,,,,,,,,911,58977.57
911,,,,,,,,912,55359.57
912,,,,,,,,913,52541.57
913,,,,,,,,914,50623.57
914,,,,,,,,915,49367.57
915,,,,,,,,916,49123.57
916,,,,,,,,917,50128.57
917,,,,,,,,918,51658.57
918,,,,,,,,919,52303.57
919,,,,,,,,920,54554.57
920,,,,,,,,921,58261.57
921,,,,,,,,922,62476.57
922,,,,,,,,923,66613.57
923,,,,,,,,924,70227.57
924,,,,,,,,925,73523.57
925,,,,,,,,926,75778.57
926,,,,,,,,927,76979.57
927,,,,,,,,928,77176.57
928,,,,,,,,929,76675.57
929,,,,,,,,930,74899.57
930,,,,,,,,931,71915.57
931,,,,,,,,932,69317.57
932,,,,,,,,933,66772.57
933,,,,,,,,934,63047.57
934,,,,,,,,935,59267.57
935,,,,,,,,936,55641.57
936,,,,,,,,937,52788.57
937,,,,,,,,938,50594.57
938,,,,,,,,939,48931.57
939,,,,,,,,940,47873.57
940,,,,,,,,941,47595.57
941,,,,,,,,942,47762.57
942,,,,,,,,943,48067.57
943,,,,,,,,944,51064.57
944,,,,,,,,945,55389.57
945,,,,,,,,946,59791.57
946,,,,,,,,947,64050.57
947,,,,,,,,948,67647.57
948,,,,,,,,949,70743.57
949,,,,,,,,950,73144.57
950,,,,,,,,951,74880.57
951,,,,,,,,952,75762.57
952,,,,,,,,953,75638.57
953,,,,,,,,954,74222.57
954,,,,,,,,955,71510.57
955,,,,,,,,956,68870.57
956,,,,,,,,957,66533.57
957,,,,,,,,958,62990.57
958,,,,,,,,959,59185.57
959,,,,,,,,960,55539.57
960,,,,,,,,961,52650.57
961,,,,,,,,962,50495.57
962,,,,,,,,963,48849.57
963,,,,,,,,964,47737.57
964,,,,,,,,965,47118.57
965,,,,,,,,966,46854.57
966,,,,,,,,967,46875.57
967,,,,,,,,968,49816.57
968,,,,,,,,969,54077.57
969,,,,,,,,970,58527.57
970,,,,,,,,971,62772.57
971,,,,,,,,972,66716.57
972,,,,,,,,973,70081.57
973,,,,,,,,974,72733.57
974,,,,,,,,975,74623.57
975,,,,,,,,976,75778.57
976,,,,,,,,977,75932.57
977,,,,,,,,978,74722.57
978,,,,,,,,979,72422.57
979,,,,,,,,980,70153.57
980,,,,,,,,981,67812.57
981,,,,,,,,982,63787.57
982,,,,,,,,983,59294.57
983,,,,,,,,984,55452.57
984,,,,,,,,985,52669.57
985,,,,,,,,986,50622.57
986,,,,,,,,987,49434.57
987,,,,,,,,988,49207.57
988,,,,,,,,989,50191.57
989,,,,,,,,990,51887.57
990,,,,,,,,991,52622.57
991,,,,,,,,992,55207.57
992,,,,,,,,993,59243.57
993,,,,,,,,994,63702.57
994,,,,,,,,995,68060.57
995,,,,,,,,996,71772.57
996,,,,,,,,997,74943.57
997,,,,,,,,998,77349.57
998,,,,,,,,999,78379.57
999,,,,,,,,1000,78719.57
1000,,,,,,,,1001,78576.57
1001,,,,,,,,1002,77674.57
1002,,,,,,,,1003,75511.57
1003,,,,,,,,1004,73011.57
1004,,,,,,,,1005,69932.57
1005,,,,,,,,1006,65406.57
1006,,,,,,,,1007,60858.57
1007,,,,,,,,1008,56993.57
1008,,,,,,,,1009,54655.57
1009,,,,,,,,1010,52701.57
1010,,,,,,,,1011,51381.57
1011,,,,,,,,1012,51001.57
1012,,,,,,,,1013,51942.57
1013,,,,,,,,1014,53528.57
1014,,,,,,,,1015,53288.57
1015,,,,,,,,1016,53744.57
1016,,,,,,,,1017,55546.57
1017,,,,,,,,1018,57854.57
1018,,,,,,,,1019,59777.57
1019,,,,,,,,1020,61893.57
1020,,,,,,,,1021,64050.57
1021,,,,,,,,1022,65021.57
1022,,,,,,,,1023,64948.57
1023,,,,,,,,1024,64999.57
1024,,,,,,,,1025,64638.57
1025,,,,,,,,1026,63310.57
1026,,,,,,,,1027,61843.57
1027,,,,,,,,1028,61228.57
1028,,,,,,,,1029,58946.57
1029,,,,,,,,1030,55119.57
1030,,,,,,,,1031,51442.57
1031,,,,,,,,1032,48501.57
1032,,,,,,,,1033,46448.57
1033,,,,,,,,1034,44901.57
1034,,,,,,,,1035,44188.57
1035,,,,,,,,1036,44181.57
1036,,,,,,,,1037,45757.57
1037,,,,,,,,1038,48518.57
1038,,,,,,,,1039,49214.57
1039,,,,,,,,1040,50930.57
1040,,,,,,,,1041,53745.57
1041,,,,,,,,1042,57318.57
1042,,,,,,,,1043,60814.57
1043,,,,,,,,1044,64049.57
1044,,,,,,,,1045,66903.57
1045,,,,,,,,1046,69188.57
1046,,,,,,,,1047,70565.57
1047,,,,,,,,1048,71134.57
1048,,,,,,,,1049,70100.57
1049,,,,,,,,1050,67820.57
1050,,,,,,,,1051,65378.57
1051,,,,,,,,1052,63973.57
1052,,,,,,,,1053,61008.57
1053,,,,,,,,1054,56704.57
1054,,,,,,,,1055,52614.57
1055,,,,,,,,1056,49331.57
1056,,,,,,,,1057,47060.57
1057,,,,,,,,1058,45527.57
1058,,,,,,,,1059,44606.57
1059,,,,,,,,1060,44627.57
1060,,,,,,,,1061,45990.57
1061,,,,,,,,1062,48508.57
1062,,,,,,,,1063,49106.57
1063,,,,,,,,1064,50815.57
1064,,,,,,,,1065,54255.57
1065,,,,,,,,1066,58556.57
1066,,,,,,,,1067,62726.57
1067,,,,,,,,1068,66604.57
1068,,,,,,,,1069,70051.57
1069,,,,,,,,1070,72747.57
1070,,,,,,,,1071,74448.57
1071,,,,,,,,1072,75077.57
1072,,,,,,,,1073,74492.57
1073,,,,,,,,1074,72671.57
1074,,,,,,,,1075,69781.57
1075,,,,,,,,1076,68019.57
1076,,,,,,,,1077,64972.57
1077,,,,,,,,1078,60606.57
1078,,,,,,,,1079,56382.57
1079,,,,,,,,1080,52791.57
1080,,,,,,,,1081,50116.57
1081,,,,,,,,1082,48139.57
1082,,,,,,,,1083,46852.57
1083,,,,,,,,1084,46549.57
1084,,,,,,,,1085,47776.57
1085,,,,,,,,1086,50043.57
1086,,,,,,,,1087,50386.57
1087,,,,,,,,1088,52047.57
1088,,,,,,,,1089,55305.57
1089,,,,,,,,1090,59122.57
1090,,,,,,,,1091,62877.57
1091,,,,,,,,1092,66103.57
1092,,,,,,,,1093,68784.57
1093,,,,,,,,1094,68552.57
1094,,,,,,,,1095,67666.57
1095,,,,,,,,1096,66600.57
1096,,,,,,,,1097,65036.57
1097,,,,,,,,1098,62641.57
1098,,,,,,,,1099,59992.57
1099,,,,,,,,1100,58827.57
1100,,,,,,,,1101,56693.57
1101,,,,,,,,1102,53806.57
1102,,,,,,,,1103,50689.57
1103,,,,,,,,1104,47792.57
1104,,,,,,,,1105,45439.57
1105,,,,,,,,1106,43705.57
1106,,,,,,,,1107,42508.57
1107,,,,,,,,1108,41858.57
1108,,,,,,,,1109,41845.57
1109,,,,,,,,1110,42360.57
1110,,,,,,,,1111,42842.57
1111,,,,,,,,1112,45259.57
1112,,,,,,,,1113,48723.57
1113,,,,,,,,1114,52186.57
1114,,,,,,,,1115,55479.57
1115,,,,,,,,1116,58337.57
1116,,,,,,,,1117,60703.57
1117,,,,,,,,1118,62479.57
1118,,,,,,,,1119,63555.57
1119,,,,,,,,1120,64046.57
1120,,,,,,,,1121,63734.57
1121,,,,,,,,1122,62372.57
1122,,,,,,,,1123,59918.57
1123,,,,,,,,1124,58404.57
1124,,,,,,,,1125,56021.57
1125,,,,,,,,1126,52883.57
1126,,,,,,,,1127,49865.57
1127,,,,,,,,1128,46906.57
1128,,,,,,,,1129,44727.57
1129,,,,,,,,1130,43009.57
1130,,,,,,,,1131,41771.57
1131,,,,,,,,1132,41057.57
1132,,,,,,,,1133,40787.57
1133,,,,,,,,1134,40899.57
1134,,,,,,,,1135,41011.57
1135,,,,,,,,1136,43816.57
1136,,,,,,,,1137,48235.57
1137,,,,,,,,1138,52912.57
1138,,,,,,,,1139,57118.57
1139,,,,,,,,1140,60762.57
1140,,,,,,,,1141,63775.57
1141,,,,,,,,1142,66114.57
1142,,,,,,,,1143,67491.57
1143,,,,,,,,1144,68160.57
1144,,,,,,,,1145,67821.57
1145,,,,,,,,1146,66005.57
1146,,,,,,,,1147,63117.57
1147,,,,,,,,1148,61154.57
1148,,,,,,,,1149,58248.57
1149,,,,,,,,1150,54870.57
1150,,,,,,,,1151,51416.57
1151,,,,,,,,1152,48314.57
1152,,,,,,,,1153,45914.57
1153,,,,,,,,1154,44154.57
1154,,,,,,,,1155,42933.57
1155,,,,,,,,1156,42379.57
1156,,,,,,,,1157,42381.57
1157,,,,,,,,1158,42561.57
1158,,,,,,,,1159,42380.57
1159,,,,,,,,1160,44904.57
1160,,,,,,,,1161,49383.57
1161,,,,,,,,1162,54581.57
1162,,,,,,,,1163,59310.57
1163,,,,,,,,1164,63307.57
1164,,,,,,,,1165,66158.57
1165,,,,,,,,1166,68315.57
1166,,,,,,,,1167,69789.57
1167,,,,,,,,1168,70600.57
1168,,,,,,,,1169,70341.57
1169,,,,,,,,1170,68611.57
1170,,,,,,,,1171,65935.57
1171,,,,,,,,1172,64074.57
1172,,,,,,,,1173,60660.57
1173,,,,,,,,1174,56084.57
1174,,,,,,,,1175,51642.57
1175,,,,,,,,1176,48114.57
1176,,,,,,,,1177,40070.57
1177,,,,,,,,1178,39208.57
1178,,,,,,,,1179,38818.57
1179,,,,,,,,1180,39279.57
1180,,,,,,,,1181,41214.57
1181,,,,,,,,1182,44354.57
1182,,,,,,,,1183,45709.57
1183,,,,,,,,1184,46152.57
1184,,,,,,,,1185,47885.57
1185,,,,,,,,1186,50130.57
1186,,,,,,,,1187,52442.57
1187,,,,,,,,1188,54727.57
1188,,,,,,,,1189,56598.57
1189,,,,,,,,1190,58183.57
1190,,,,,,,,1191,59780.57
1191,,,,,,,,1192,60884.57
1192,,,,,,,,1193,60291.57
1193,,,,,,,,1194,58232.57
1194,,,,,,,,1195,57145.57
1195,,,,,,,,1196,55407.57
1196,,,,,,,,1197,52585.57
1197,,,,,,,,1198,48872.57
1198,,,,,,,,1199,45076.57
1199,,,,,,,,1200,41949.57
1200,,,,,,,,1201,39848.57
1201,,,,,,,,1202,38431.57
1202,,,,,,,,1203,37718.57
1203,,,,,,,,1204,37691.57
1204,,,,,,,,1205,38934.57
1205,,,,,,,,1206,41360.57
1206,,,,,,,,1207,42336.57
1207,,,,,,,,1208,42157.57
1208,,,,,,,,1209,42547.57
1209,,,,,,,,1210,42932.57
1210,,,,,,,,1211,43095.57
1211,,,,,,,,1212,42898.57
1212,,,,,,,,1213,42857.57
1213,,,,,,,,1214,42660.57
1214,,,,,,,,1215,42546.57
1215,,,,,,,,1216,42516.57
1216,,,,,,,,1217,42227.57
1217,,,,,,,,1218,42047.57
1218,,,,,,,,1219,42857.57
1219,,,,,,,,1220,42390.57
1220,,,,,,,,1221,40826.57
1221,,,,,,,,1222,38319.57
1222,,,,,,,,1223,35733.57
1223,,,,,,,,1224,33940.57
1224,,,,,,,,1225,32886.57
1225,,,,,,,,1226,32249.57
1226,,,,,,,,1227,32110.57
1227,,,,,,,,1228,32604.57
1228,,,,,,,,1229,34459.57
1229,,,,,,,,1230,37683.57
1230,,,,,,,,1231,39181.57
1231,,,,,,,,1232,39257.57
1232,,,,,,,,1233,39513.57
1233,,,,,,,,1234,39776.57
1234,,,,,,,,1235,39941.57
1235,,,,,,,,1236,40158.57
1236,,,,,,,,1237,40650.57
1237,,,,,,,,1238,41203.57
1238,,,,,,,,1239,41650.57
1239,,,,,,,,1240,42102.57
1240,,,,,,,,1241,42139.57
1241,,,,,,,,1242,41911.57
1242,,,,,,,,1243,42704.57
1243,,,,,,,,1244,42372.57
1244,,,,,,,,1245,40835.57
1245,,,,,,,,1246,38526.57
1246,,,,,,,,1247,36122.57
1247,,,,,,,,1248,34472.57
1248,,,,,,,,1249,33433.57
1249,,,,,,,,1250,32803.57
1250,,,,,,,,1251,32582.57
1251,,,,,,,,1252,33198.57
1252,,,,,,,,1253,34989.57
1253,,,,,,,,1254,37985.57
1254,,,,,,,,1255,39480.57
1255,,,,,,,,1256,39543.57
1256,,,,,,,,1257,40097.57
1257,,,,,,,,1258,40887.57
1258,,,,,,,,1259,41698.57
1259,,,,,,,,1260,42597.57
1260,,,,,,,,1261,43894.57
1261,,,,,,,,1262,45162.57
1262,,,,,,,,1263,46380.57
1263,,,,,,,,1264,47513.57
1264,,,,,,,,1265,47540.57
1265,,,,,,,,1266,46245.57
1266,,,,,,,,1267,45707.57
1267,,,,,,,,1268,44645.57
1268,,,,,,,,1269,43125.57
1269,,,,,,,,1270,41120.57
1270,,,,,,,,1271,38838.57
1271,,,,,,,,1272,36942.57
1272,,,,,,,,1273,35518.57
1273,,,,,,,,1274,34558.57
1274,,,,,,,,1275,34064.57
1275,,,,,,,,1276,34028.57
1276,,,,,,,,1277,34525.57
1277,,,,,,,,1278,35600.57
1278,,,,,,,,1279,36801.57
1279,,,,,,,,1280,38277.57
1280,,,,,,,,1281,40582.57
1281,,,,,,,,1282,43054.57
1282,,,,,,,,1283,45463.57
1283,,,,,,,,1284,47864.57
1284,,,,,,,,1285,50114.57
1285,,,,,,,,1286,51987.57
1286,,,,,,,,1287,53693.57
1287,,,,,,,,1288,54556.57
1288,,,,,,,,1289,54087.57
1289,,,,,,,,1290,52198.57
1290,,,,,,,,1291,50875.57
1291,,,,,,,,1292,48958.57
1292,,,,,,,,1293,46980.57
1293,,,,,,,,1294,44555.57
1294,,,,,,,,1295,42082.57
1295,,,,,,,,1296,39994.57
1296,,,,,,,,1297,38252.57
1297,,,,,,,,1298,36967.57
1298,,,,,,,,1299,36127.57
1299,,,,,,,,1300,35748.57
1300,,,,,,,,1301,35753.57
1301,,,,,,,,1302,36193.57
1302,,,,,,,,1303,36966.57
1303,,,,,,,,1304,38331.57
1304,,,,,,,,1305,40791.57
1305,,,,,,,,1306,43332.57
1306,,,,,,,,1307,45795.57
1307,,,,,,,,1308,48375.57
1308,,,,,,,,1309,51034.57
1309,,,,,,,,1310,53412.57
1310,,,,,,,,1311,55262.57
1311,,,,,,,,1312,56324.57
1312,,,,,,,,1313,56260.57
1313,,,,,,,,1314,55263.57
1314,,,,,,,,1315,55436.57
1315,,,,,,,,1316,54027.57
1316,,,,,,,,1317,51193.57
1317,,,,,,,,1318,48192.57
1318,,,,,,,,1319,45400.57
1319,,,,,,,,1320,43192.57
1320,,,,,,,,1321,41100.57
1321,,,,,,,,1322,39786.57
1322,,,,,,,,1323,38742.57
1323,,,,,,,,1324,38277.57
1324,,,,,,,,1325,39325.57
1325,,,,,,,,1326,41601.57
1326,,,,,,,,1327,42207.57
1327,,,,,,,,1328,41865.57
1328,,,,,,,,1329,42266.57
1329,,,,,,,,1330,43063.57
1330,,,,,,,,1331,43838.57
1331,,,,,,,,1332,44624.57
1332,,,,,,,,1333,45743.57
1333,,,,,,,,1334,46996.57
1334,,,,,,,,1335,48119.57
1335,,,,,,,,1336,48765.57
1336,,,,,,,,1337,48298.57
1337,,,,,,,,1338,46848.57
1338,,,,,,,,1339,46504.57
1339,,,,,,,,1340,45116.57
1340,,,,,,,,1341,42649.57
1341,,,,,,,,1342,39541.57
1342,,,,,,,,1343,36536.57
1343,,,,,,,,1344,34448.57
1344,,,,,,,,1345,34671.57
1345,,,,,,,,1346,33702.57
1346,,,,,,,,1347,33200.57
1347,,,,,,,,1348,33161.57
1348,,,,,,,,1349,33766.57
1349,,,,,,,,1350,35780.57
1350,,,,,,,,1351,39104.57
1351,,,,,,,,1352,40245.57
1352,,,,,,,,1353,41017.57
1353,,,,,,,,1354,42149.57
1354,,,,,,,,1355,43221.57
1355,,,,,,,,1356,44081.57
1356,,,,,,,,1357,44582.57
1357,,,,,,,,1358,45271.57
1358,,,,,,,,1359,45732.57
1359,,,,,,,,1360,45798.57
1360,,,,,,,,1361,45762.57
1361,,,,,,,,1362,45982.57
1362,,,,,,,,1363,46696.57
1363,,,,,,,,1364,45980.57
1364,,,,,,,,1365,44772.57
1365,,,,,,,,1366,42835.57
1366,,,,,,,,1367,40205.57
1367,,,,,,,,1368,37611.57
1368,,,,,,,,1369,35794.57
1369,,,,,,,,1370,34681.57
1370,,,,,,,,1371,34141.57
1371,,,,,,,,1372,33929.57
1372,,,,,,,,1373,34524.57
1373,,,,,,,,1374,36468.57
1374,,,,,,,,1375,39524.57
1375,,,,,,,,1376,40644.57
1376,,,,,,,,1377,41349.57
1377,,,,,,,,1378,42508.57
1378,,,,,,,,1379,43705.57
1379,,,,,,,,1380,44715.57
1380,,,,,,,,1381,45527.57
1381,,,,,,,,1382,46389.57
1382,,,,,,,,1383,46667.57
1383,,,,,,,,1384,46614.57
1384,,,,,,,,1385,46308.57
1385,,,,,,,,1386,46404.57
1386,,,,,,,,1387,47005.57
1387,,,,,,,,1388,45756.57
1388,,,,,,,,1389,44510.57
1389,,,,,,,,1390,42607.57
1390,,,,,,,,1391,39996.57
1391,,,,,,,,1392,37381.57
1392,,,,,,,,1393,35469.57
1393,,,,,,,,1394,34355.57
1394,,,,,,,,1395,33839.57
1395,,,,,,,,1396,33680.57
1396,,,,,,,,1397,34285.57
1397,,,,,,,,1398,36370.57
1398,,,,,,,,1399,39717.57
1399,,,,,,,,1400,41013.57
1400,,,,,,,,1401,41695.57
1401,,,,,,,,1402,42786.57
1402,,,,,,,,1403,43893.57
1403,,,,,,,,1404,44636.57
1404,,,,,,,,1405,44875.57
1405,,,,,,,,1406,45130.57
1406,,,,,,,,1407,45201.57
1407,,,,,,,,1408,45167.57
1408,,,,,,,,1409,45626.57
1409,,,,,,,,1410,46874.57
1410,,,,,,,,1411,47673.57
1411,,,,,,,,1412,47067.57
1412,,,,,,,,1413,46236.57
1413,,,,,,,,1414,44675.57
1414,,,,,,,,1415,42339.57
1415,,,,,,,,1416,40251.57
1416,,,,,,,,1417,38886.57
1417,,,,,,,,1418,38077.57
1418,,,,,,,,1419,37774.57
1419,,,,,,,,1420,37897.57
1420,,,,,,,,1421,38802.57
1421,,,,,,,,1422,41314.57
1422,,,,,,,,1423,45075.57
1423,,,,,,,,1424,46349.57
1424,,,,,,,,1425,46597.57
1425,,,,,,,,1426,46818.57
1426,,,,,,,,1427,46424.57
1427,,,,,,,,1428,45634.57
1428,,,,,,,,1429,44689.57
1429,,,,,,,,1430,44178.57
1430,,,,,,,,1431,43504.57
1431,,,,,,,,1432,43088.57
1432,,,,,,,,1433,43363.57
1433,,,,,,,,1434,44691.57
1434,,,,,,,,1435,45770.57
1435,,,,,,,,1436,45312.57
1436,,,,,,,,1437,44858.57
1437,,,,,,,,1438,44042.57
1438,,,,,,,,1439,42725.57
1439,,,,,,,,1440,41165.57
1440,,,,,,,,1441,40007.57
1441,,,,,,,,1442,39275.57
1442,,,,,,,,1443,39012.57
1443,,,,,,,,1444,39135.57
1444,,,,,,,,1445,39770.57
1445,,,,,,,,1446,40904.57
1446,,,,,,,,1447,42531.57
1447,,,,,,,,1448,43729.57
1448,,,,,,,,1449,43834.57
1449,,,,,,,,1450,42967.57
1450,,,,,,,,1451,41751.57
1451,,,,,,,,1452,40410.57
1452,,,,,,,,1453,39339.57
1453,,,,,,,,1454,38619.57
1454,,,,,,,,1455,38188.57
1455,,,,,,,,1456,38035.57
1456,,,,,,,,1457,38163.57
1457,,,,,,,,1458,38998.57
1458,,,,,,,,1459,40140.57
1459,,,,,,,,1460,39910.57
1460,,,,,,,,1461,39509.57
1461,,,,,,,,1462,38874.57
1462,,,,,,,,1463,37783.57
1463,,,,,,,,1464,36509.57
1464,,,,,,,,1465,35505.57
1465,,,,,,,,1466,34945.57
1466,,,,,,,,1467,34647.57
1467,,,,,,,,1468,34594.57
1468,,,,,,,,1469,35004.57
1469,,,,,,,,1470,35798.57
1470,,,,,,,,1471,37019.57
1471,,,,,,,,1472,38012.57
1472,,,,,,,,1473,38658.57
1473,,,,,,,,1474,38608.57
1474,,,,,,,,1475,38378.57
1475,,,,,,,,1476,38254.57
1476,,,,,,,,1477,38408.57
1477,,,,,,,,1478,38636.57
1478,,,,,,,,1479,38842.57
1479,,,,,,,,1480,38947.57
1480,,,,,,,,1481,39159.57
1481,,,,,,,,1482,40413.57
1482,,,,,,,,1483,41801.57
1483,,,,,,,,1484,41487.57
1484,,,,,,,,1485,40669.57
1485,,,,,,,,1486,39532.57
1486,,,,,,,,1487,37717.57
1487,,,,,,,,1488,35669.57
1488,,,,,,,,1489,34083.57
1489,,,,,,,,1490,33172.57
1490,,,,,,,,1491,32749.57
1491,,,,,,,,1492,32704.57
1492,,,,,,,,1493,33379.57
1493,,,,,,,,1494,35311.57
1494,,,,,,,,1495,38415.57
1495,,,,,,,,1496,39951.57
1496,,,,,,,,1497,40808.57
1497,,,,,,,,1498,41952.57
1498,,,,,,,,1499,43103.57
1499,,,,,,,,1500,44097.57
1500,,,,,,,,1501,45102.57
1501,,,,,,,,1502,46024.57
1502,,,,,,,,1503,46730.57
1503,,,,,,,,1504,47599.57
1504,,,,,,,,1505,49097.57
1505,,,,,,,,1506,51556.57
1506,,,,,,,,1507,53327.57
1507,,,,,,,,1508,53671.57
1508,,,,,,,,1509,53550.57
1509,,,,,,,,1510,52451.57
1510,,,,,,,,1511,50567.57
1511,,,,,,,,1512,49151.57
1512,,,,,,,,1513,40664.57
1513,,,,,,,,1514,40170.57
1514,,,,,,,,1515,40140.57
1515,,,,,,,,1516,40603.57
1516,,,,,,,,1517,41923.57
1517,,,,,,,,1518,44860.57
1518,,,,,,,,1519,49006.57
1519,,,,,,,,1520,49965.57
1520,,,,,,,,1521,48260.57
1521,,,,,,,,1522,46144.57
1522,,,,,,,,1523,44480.57
1523,,,,,,,,1524,43105.57
1524,,,,,,,,1525,42195.57
1525,,,,,,,,1526,41801.57
1526,,,,,,,,1527,41534.57
1527,,,,,,,,1528,41418.57
1528,,,,,,,,1529,41591.57
1529,,,,,,,,1530,43068.57
1530,,,,,,,,1531,44610.57
1531,,,,,,,,1532,44550.57
1532,,,,,,,,1533,44197.57
1533,,,,,,,,1534,42997.57
1534,,,,,,,,1535,40876.57
1535,,,,,,,,1536,38748.57
1536,,,,,,,,1537,37460.57
1537,,,,,,,,1538,36903.57
1538,,,,,,,,1539,36927.57
1539,,,,,,,,1540,37339.57
1540,,,,,,,,1541,38553.57
1541,,,,,,,,1542,41398.57
1542,,,,,,,,1543,45491.57
1543,,,,,,,,1544,46635.57
1544,,,,,,,,1545,45346.57
1545,,,,,,,,1546,44044.57
1546,,,,,,,,1547,43031.57
1547,,,,,,,,1548,42257.57
1548,,,,,,,,1549,41926.57
1549,,,,,,,,1550,41925.57
1550,,,,,,,,1551,41895.57
1551,,,,,,,,1552,41796.57
1552,,,,,,,,1553,41974.57
1553,,,,,,,,1554,43414.57
1554,,,,,,,,1555,44697.57
1555,,,,,,,,1556,44424.57
1556,,,,,,,,1557,44020.57
1557,,,,,,,,1558,42858.57
1558,,,,,,,,1559,40553.57
1559,,,,,,,,1560,38160.57
1560,,,,,,,,1561,36563.57
1561,,,,,,,,1562,35830.57
1562,,,,,,,,1563,35551.57
1563,,,,,,,,1564,35746.57
1564,,,,,,,,1565,36666.57
1565,,,,,,,,1566,39154.57
1566,,,,,,,,1567,42783.57
1567,,,,,,,,1568,43889.57
1568,,,,,,,,1569,43320.57
1569,,,,,,,,1570,42907.57
1570,,,,,,,,1571,42592.57
1571,,,,,,,,1572,42367.57
1572,,,,,,,,1573,42337.57
1573,,,,,,,,1574,42570.57
1574,,,,,,,,1575,42662.57
1575,,,,,,,,1576,42630.57
1576,,,,,,,,1577,42745.57
1577,,,,,,,,1578,43731.57
1578,,,,,,,,1579,44844.57
1579,,,,,,,,1580,44589.57
1580,,,,,,,,1581,44015.57
1581,,,,,,,,1582,42661.57
1582,,,,,,,,1583,40416.57
1583,,,,,,,,1584,37885.57
1584,,,,,,,,1585,35913.57
1585,,,,,,,,1586,34856.57
1586,,,,,,,,1587,34438.57
1587,,,,,,,,1588,34303.57
1588,,,,,,,,1589,35085.57
1589,,,,,,,,1590,37226.57
1590,,,,,,,,1591,40883.57
1591,,,,,,,,1592,42360.57
1592,,,,,,,,1593,42385.57
1593,,,,,,,,1594,42617.57
1594,,,,,,,,1595,42658.57
1595,,,,,,,,1596,42545.57
1596,,,,,,,,1597,42348.57
1597,,,,,,,,1598,42406.57
1598,,,,,,,,1599,42418.57
1599,,,,,,,,1600,42299.57
1600,,,,,,,,1601,42218.57
1601,,,,,,,,1602,43100.57
1602,,,,,,,,1603,43928.57
1603,,,,,,,,1604,43256.57
1604,,,,,,,,1605,42657.57
1605,,,,,,,,1606,41877.57
1606,,,,,,,,1607,40479.57
1607,,,,,,,,1608,38794.57
1608,,,,,,,,1609,37386.57
1609,,,,,,,,1610,36591.57
1610,,,,,,,,1611,36218.57
1611,,,,,,,,1612,36272.57
1612,,,,,,,,1613,36852.57
1613,,,,,,,,1614,38076.57
1614,,,,,,,,1615,40042.57
1615,,,,,,,,1616,41793.57
1616,,,,,,,,1617,42890.57
1617,,,,,,,,1618,42751.57
1618,,,,,,,,1619,42104.57
1619,,,,,,,,1620,41338.57
1620,,,,,,,,1621,40650.57
1621,,,,,,,,1622,40213.57
1622,,,,,,,,1623,39855.57
1623,,,,,,,,1624,39845.57
1624,,,,,,,,1625,39975.57
1625,,,,,,,,1626,41234.57
1626,,,,,,,,1627,42359.57
1627,,,,,,,,1628,42134.57
1628,,,,,,,,1629,41872.57
1629,,,,,,,,1630,41338.57
1630,,,,,,,,1631,40199.57
1631,,,,,,,,1632,38737.57
1632,,,,,,,,1633,37451.57
1633,,,,,,,,1634,36559.57
1634,,,,,,,,1635,36075.57
1635,,,,,,,,1636,35915.57
1636,,,,,,,,1637,36072.57
1637,,,,,,,,1638,36629.57
1638,,,,,,,,1639,37779.57
1639,,,,,,,,1640,38918.57
1640,,,,,,,,1641,40067.57
1641,,,,,,,,1642,40463.57
1642,,,,,,,,1643,40360.57
1643,,,,,,,,1644,40172.57
1644,,,,,,,,1645,40143.57
1645,,,,,,,,1646,40247.57
1646,,,,,,,,1647,40404.57
1647,,,,,,,,1648,40524.57
1648,,,,,,,,1649,40882.57
1649,,,,,,,,1650,42695.57
1650,,,,,,,,1651,44390.57
1651,,,,,,,,1652,44195.57
1652,,,,,,,,1653,43579.57
1653,,,,,,,,1654,42192.57
1654,,,,,,,,1655,39823.57
1655,,,,,,,,1656,37304.57
1656,,,,,,,,1657,35430.57
1657,,,,,,,,1658,34366.57
1658,,,,,,,,1659,33877.57
1659,,,,,,,,1660,33848.57
1660,,,,,,,,1661,34607.57
1661,,,,,,,,1662,36705.57
1662,,,,,,,,1663,40199.57
1663,,,,,,,,1664,41505.57
1664,,,,,,,,1665,41792.57
1665,,,,,,,,1666,42462.57
1666,,,,,,,,1667,43294.57
1667,,,,,,,,1668,44052.57
1668,,,,,,,,1669,44589.57
1669,,,,,,,,1670,45251.57
1670,,,,,,,,1671,45461.57
1671,,,,,,,,1672,45434.57
1672,,,,,,,,1673,45670.57
1673,,,,,,,,1674,47118.57
1674,,,,,,,,1675,48397.57
1675,,,,,,,,1676,48039.57
1676,,,,,,,,1677,47263.57
1677,,,,,,,,1678,45782.57
1678,,,,,,,,1679,43347.57
1679,,,,,,,,1680,40866.57
1680,,,,,,,,1681,40756.57
1681,,,,,,,,1682,40220.57
1682,,,,,,,,1683,40212.57
1683,,,,,,,,1684,40555.57
1684,,,,,,,,1685,41550.57
1685,,,,,,,,1686,43398.57
1686,,,,,,,,1687,45646.57
1687,,,,,,,,1688,47203.57
1688,,,,,,,,1689,47222.57
1689,,,,,,,,1690,45764.57
1690,,,,,,,,1691,43839.57
1691,,,,,,,,1692,42285.57
1692,,,,,,,,1693,41082.57
1693,,,,,,,,1694,40393.57
1694,,,,,,,,1695,40075.57
1695,,,,,,,,1696,39837.57
1696,,,,,,,,1697,39769.57
1697,,,,,,,,1698,40744.57
1698,,,,,,,,1699,41740.57
1699,,,,,,,,1700,41077.57
1700,,,,,,,,1701,40473.57
1701,,,,,,,,1702,39888.57
1702,,,,,,,,1703,39109.57
1703,,,,,,,,1704,38038.57
1704,,,,,,,,1705,37030.57
1705,,,,,,,,1706,36442.57
1706,,,,,,,,1707,36155.57
1707,,,,,,,,1708,36145.57
1708,,,,,,,,1709,36592.57
1709,,,,,,,,1710,37519.57
1710,,,,,,,,1711,38712.57
1711,,,,,,,,1712,39689.57
1712,,,,,,,,1713,40295.57
1713,,,,,,,,1714,40224.57
1714,,,,,,,,1715,39780.57
1715,,,,,,,,1716,39310.57
1716,,,,,,,,1717,38674.57
1717,,,,,,,,1718,38142.57
1718,,,,,,,,1719,37746.57
1719,,,,,,,,1720,37514.57
1720,,,,,,,,1721,37328.57
1721,,,,,,,,1722,38149.57
1722,,,,,,,,1723,39398.57
1723,,,,,,,,1724,39225.57
1724,,,,,,,,1725,38952.57
1725,,,,,,,,1726,38402.57
1726,,,,,,,,1727,37267.57
1727,,,,,,,,1728,35718.57
1728,,,,,,,,1729,34359.57
1729,,,,,,,,1730,33507.57
1730,,,,,,,,1731,33128.57
1731,,,,,,,,1732,33165.57
1732,,,,,,,,1733,33818.57
1733,,,,,,,,1734,35346.57
1734,,,,,,,,1735,37361.57
1735,,,,,,,,1736,38734.57
1736,,,,,,,,1737,39640.57
1737,,,,,,,,1738,40647.57
1738,,,,,,,,1739,41370.57
1739,,,,,,,,1740,41651.57
1740,,,,,,,,1741,41549.57
1741,,,,,,,,1742,41471.57
1742,,,,,,,,1743,41220.57
1743,,,,,,,,1744,41025.57
1744,,,,,,,,1745,41007.57
1745,,,,,,,,1746,42189.57
1746,,,,,,,,1747,43290.57
1747,,,,,,,,1748,42653.57
1748,,,,,,,,1749,41828.57
1749,,,,,,,,1750,40739.57
1750,,,,,,,,1751,39061.57
1751,,,,,,,,1752,37073.57
1752,,,,,,,,1753,35345.57
1753,,,,,,,,1754,34342.57
1754,,,,,,,,1755,33760.57
1755,,,,,,,,1756,33615.57
1756,,,,,,,,1757,34111.57
1757,,,,,,,,1758,35470.57
1758,,,,,,,,1759,37378.57
1759,,,,,,,,1760,38799.57
1760,,,,,,,,1761,39663.57
1761,,,,,,,,1762,40421.57
1762,,,,,,,,1763,40839.57
1763,,,,,,,,1764,41075.57
1764,,,,,,,,1765,41080.57
1765,,,,,,,,1766,41172.57
1766,,,,,,,,1767,41091.57
1767,,,,,,,,1768,40999.57
1768,,,,,,,,1769,40842.57
1769,,,,,,,,1770,41881.57
1770,,,,,,,,1771,42936.57
1771,,,,,,,,1772,42361.57
1772,,,,,,,,1773,41696.57
1773,,,,,,,,1774,40733.57
1774,,,,,,,,1775,39232.57
1775,,,,,,,,1776,37366.57
1776,,,,,,,,1777,35729.57
1777,,,,,,,,1778,34519.57
1778,,,,,,,,1779,33715.57
1779,,,,,,,,1780,33399.57
1780,,,,,,,,1781,33414.57
1781,,,,,,,,1782,33921.57
1782,,,,,,,,1783,34933.57
1783,,,,,,,,1784,36064.57
1784,,,,,,,,1785,37452.57
1785,,,,,,,,1786,39065.57
1786,,,,,,,,1787,40359.57
1787,,,,,,,,1788,41133.57
1788,,,,,,,,1789,41369.57
1789,,,,,,,,1790,41337.57
1790,,,,,,,,1791,41318.57
1791,,,,,,,,1792,41087.57
1792,,,,,,,,1793,40888.57
1793,,,,,,,,1794,41864.57
1794,,,,,,,,1795,42743.57
1795,,,,,,,,1796,42388.57
1796,,,,,,,,1797,41879.57
1797,,,,,,,,1798,41084.57
1798,,,,,,,,1799,39737.57
1799,,,,,,,,1800,38325.57
1800,,,,,,,,1801,36893.57
1801,,,,,,,,1802,35859.57
1802,,,,,,,,1803,35255.57
1803,,,,,,,,1804,35051.57
1804,,,,,,,,1805,35088.57
1805,,,,,,,,1806,35572.57
1806,,,,,,,,1807,36496.57
1807,,,,,,,,1808,37795.57
1808,,,,,,,,1809,39152.57
1809,,,,,,,,1810,40415.57
1810,,,,,,,,1811,41085.57
1811,,,,,,,,1812,41272.57
1812,,,,,,,,1813,40935.57
1813,,,,,,,,1814,40456.57
1814,,,,,,,,1815,39893.57
1815,,,,,,,,1816,39626.57
1816,,,,,,,,1817,39781.57
1817,,,,,,,,1818,41532.57
1818,,,,,,,,1819,43788.57
1819,,,,,,,,1820,44241.57
1820,,,,,,,,1821,44132.57
1821,,,,,,,,1822,43772.57
1822,,,,,,,,1823,42613.57
1823,,,,,,,,1824,41244.57
1824,,,,,,,,1825,40281.57
1825,,,,,,,,1826,39903.57
1826,,,,,,,,1827,40078.57
1827,,,,,,,,1828,40586.57
1828,,,,,,,,1829,41898.57
1829,,,,,,,,1830,44318.57
1830,,,,,,,,1831,47359.57
1831,,,,,,,,1832,49460.57
1832,,,,,,,,1833,49324.57
1833,,,,,,,,1834,48006.57
1834,,,,,,,,1835,46552.57
1835,,,,,,,,1836,45015.57
1836,,,,,,,,1837,43630.57
1837,,,,,,,,1838,42625.57
1838,,,,,,,,1839,41768.57
1839,,,,,,,,1840,41317.57
1840,,,,,,,,1841,41530.57
1841,,,,,,,,1842,43457.57
1842,,,,,,,,1843,46060.57
1843,,,,,,,,1844,46548.57
1844,,,,,,,,1845,46741.57
1845,,,,,,,,1846,46344.57
1846,,,,,,,,1847,45215.57
1847,,,,,,,,1848,43879.57
