Time_Index,NG,None,coal,uranium
0,0.05306,0.0,0.095487528,0.0
1,2.03096,0.0,2.46662,0.69888
2,2.03096,0.0,2.46662,0.69888
3,2.03096,0.0,2.46662,0.69888
4,2.03096,0.0,2.46662,0.69888
5,2.03096,0.0,2.46662,0.69888
6,2.03096,0.0,2.46662,0.69888
7,2.03096,0.0,2.46662,0.69888
8,2.03096,0.0,2.46662,0.69888
9,2.03096,0.0,2.46662,0.69888
10,2.03096,0.0,2.46662,0.69888
11,2.03096,0.0,2.46662,0.69888
12,2.03096,0.0,2.46662,0.69888
13,2.03096,0.0,2.46662,0.69888
14,2.03096,0.0,2.46662,0.69888
15,2.03096,0.0,2.46662,0.69888
16,2.03096,0.0,2.46662,0.69888
17,2.03096,0.0,2.46662,0.69888
18,2.03096,0.0,2.46662,0.69888
19,2.03096,0.0,2.46662,0.69888
20,2.03096,0.0,2.46662,0.69888
21,2.03096,0.0,2.46662,0.69888
22,2.03096,0.0,2.46662,0.69888
23,2.03096,0.0,2.46662,0.69888
24,2.03096,0.0,2.46662,0.69888
25,2.03096,0.0,2.46662,0.69888
26,2.03096,0.0,2.46662,0.69888
27,2.03096,0.0,2.46662,0.69888
28,2.03096,0.0,2.46662,0.69888
29,2.03096,0.0,2.46662,0.69888
30,2.03096,0.0,2.46662,0.69888
31,2.03096,0.0,2.46662,0.69888
32,2.03096,0.0,2.46662,0.69888
33,2.03096,0.0,2.46662,0.69888
34,2.03096,0.0,2.46662,0.69888
35,2.03096,0.0,2.46662,0.69888
36,2.03096,0.0,2.46662,0.69888
37,2.03096,0.0,2.46662,0.69888
38,2.03096,0.0,2.46662,0.69888
39,2.03096,0.0,2.46662,0.69888
40,2.03096,0.0,2.46662,0.69888
41,2.03096,0.0,2.46662,0.69888
42,2.03096,0.0,2.46662,0.69888
43,2.03096,0.0,2.46662,0.69888
44,2.03096,0.0,2.46662,0.69888
45,2.03096,0.0,2.46662,0.69888
46,2.03096,0.0,2.46662,0.69888
47,2.03096,0.0,2.46662,0.69888
48,2.03096,0.0,2.46662,0.69888
49,2.03096,0.0,2.46662,0.69888
50,2.03096,0.0,2.46662,0.69888
51,2.03096,0.0,2.46662,0.69888
52,2.03096,0.0,2.46662,0.69888
53,2.03096,0.0,2.46662,0.69888
54,2.03096,0.0,2.46662,0.69888
55,2.03096,0.0,2.46662,0.69888
56,2.03096,0.0,2.46662,0.69888
57,2.03096,0.0,2.46662,0.69888
58,2.03096,0.0,2.46662,0.69888
59,2.03096,0.0,2.46662,0.69888
60,2.03096,0.0,2.46662,0.69888
61,2.03096,0.0,2.46662,0.69888
62,2.03096,0.0,2.46662,0.69888
63,2.03096,0.0,2.46662,0.69888
64,2.03096,0.0,2.46662,0.69888
65,2.03096,0.0,2.46662,0.69888
66,2.03096,0.0,2.46662,0.69888
67,2.03096,0.0,2.46662,0.69888
68,2.03096,0.0,2.46662,0.69888
69,2.03096,0.0,2.46662,0.69888
70,2.03096,0.0,2.46662,0.69888
71,2.03096,0.0,2.46662,0.69888
72,2.03096,0.0,2.46662,0.69888
73,2.03096,0.0,2.46662,0.69888
74,2.03096,0.0,2.46662,0.69888
75,2.03096,0.0,2.46662,0.69888
76,2.03096,0.0,2.46662,0.69888
77,2.03096,0.0,2.46662,0.69888
78,2.03096,0.0,2.46662,0.69888
79,2.03096,0.0,2.46662,0.69888
80,2.03096,0.0,2.46662,0.69888
81,2.03096,0.0,2.46662,0.69888
82,2.03096,0.0,2.46662,0.69888
83,2.03096,0.0,2.46662,0.69888
84,2.03096,0.0,2.46662,0.69888
85,2.03096,0.0,2.46662,0.69888
86,2.03096,0.0,2.46662,0.69888
87,2.03096,0.0,2.46662,0.69888
88,2.03096,0.0,2.46662,0.69888
89,2.03096,0.0,2.46662,0.69888
90,2.03096,0.0,2.46662,0.69888
91,2.03096,0.0,2.46662,0.69888
92,2.03096,0.0,2.46662,0.69888
93,2.03096,0.0,2.46662,0.69888
94,2.03096,0.0,2.46662,0.69888
95,2.03096,0.0,2.46662,0.69888
96,2.03096,0.0,2.46662,0.69888
97,2.03096,0.0,2.46662,0.69888
98,2.03096,0.0,2.46662,0.69888
99,2.03096,0.0,2.46662,0.69888
100,2.03096,0.0,2.46662,0.69888
101,2.03096,0.0,2.46662,0.69888
102,2.03096,0.0,2.46662,0.69888
103,2.03096,0.0,2.46662,0.69888
104,2.03096,0.0,2.46662,0.69888
105,2.03096,0.0,2.46662,0.69888
106,2.03096,0.0,2.46662,0.69888
107,2.03096,0.0,2.46662,0.69888
108,2.03096,0.0,2.46662,0.69888
109,2.03096,0.0,2.46662,0.69888
110,2.03096,0.0,2.46662,0.69888
111,2.03096,0.0,2.46662,0.69888
112,2.03096,0.0,2.46662,0.69888
113,2.03096,0.0,2.46662,0.69888
114,2.03096,0.0,2.46662,0.69888
115,2.03096,0.0,2.46662,0.69888
116,2.03096,0.0,2.46662,0.69888
117,2.03096,0.0,2.46662,0.69888
118,2.03096,0.0,2.46662,0.69888
119,2.03096,0.0,2.46662,0.69888
120,2.03096,0.0,2.46662,0.69888
121,2.03096,0.0,2.46662,0.69888
122,2.03096,0.0,2.46662,0.69888
123,2.03096,0.0,2.46662,0.69888
124,2.03096,0.0,2.46662,0.69888
125,2.03096,0.0,2.46662,0.69888
126,2.03096,0.0,2.46662,0.69888
127,2.03096,0.0,2.46662,0.69888
128,2.03096,0.0,2.46662,0.69888
129,2.03096,0.0,2.46662,0.69888
130,2.03096,0.0,2.46662,0.69888
131,2.03096,0.0,2.46662,0.69888
132,2.03096,0.0,2.46662,0.69888
133,2.03096,0.0,2.46662,0.69888
134,2.03096,0.0,2.46662,0.69888
135,2.03096,0.0,2.46662,0.69888
136,2.03096,0.0,2.46662,0.69888
137,2.03096,0.0,2.46662,0.69888
138,2.03096,0.0,2.46662,0.69888
139,2.03096,0.0,2.46662,0.69888
140,2.03096,0.0,2.46662,0.69888
141,2.03096,0.0,2.46662,0.69888
142,2.03096,0.0,2.46662,0.69888
143,2.03096,0.0,2.46662,0.69888
144,2.03096,0.0,2.46662,0.69888
145,2.03096,0.0,2.46662,0.69888
146,2.03096,0.0,2.46662,0.69888
147,2.03096,0.0,2.46662,0.69888
148,2.03096,0.0,2.46662,0.69888
149,2.03096,0.0,2.46662,0.69888
150,2.03096,0.0,2.46662,0.69888
151,2.03096,0.0,2.46662,0.69888
152,2.03096,0.0,2.46662,0.69888
153,2.03096,0.0,2.46662,0.69888
154,2.03096,0.0,2.46662,0.69888
155,2.03096,0.0,2.46662,0.69888
156,2.03096,0.0,2.46662,0.69888
157,2.03096,0.0,2.46662,0.69888
158,2.03096,0.0,2.46662,0.69888
159,2.03096,0.0,2.46662,0.69888
160,2.03096,0.0,2.46662,0.69888
161,2.03096,0.0,2.46662,0.69888
162,2.03096,0.0,2.46662,0.69888
163,2.03096,0.0,2.46662,0.69888
164,2.03096,0.0,2.46662,0.69888
165,2.03096,0.0,2.46662,0.69888
166,2.03096,0.0,2.46662,0.69888
167,2.03096,0.0,2.46662,0.69888
168,2.03096,0.0,2.46662,0.69888
169,2.03096,0.0,2.46662,0.69888
170,2.03096,0.0,2.46662,0.69888
171,2.03096,0.0,2.46662,0.69888
172,2.03096,0.0,2.46662,0.69888
173,2.03096,0.0,2.46662,0.69888
174,2.03096,0.0,2.46662,0.69888
175,2.03096,0.0,2.46662,0.69888
176,2.03096,0.0,2.46662,0.69888
177,2.03096,0.0,2.46662,0.69888
178,2.03096,0.0,2.46662,0.69888
179,2.03096,0.0,2.46662,0.69888
180,2.03096,0.0,2.46662,0.69888
181,2.03096,0.0,2.46662,0.69888
182,2.03096,0.0,2.46662,0.69888
183,2.03096,0.0,2.46662,0.69888
184,2.03096,0.0,2.46662,0.69888
185,2.03096,0.0,2.46662,0.69888
186,2.03096,0.0,2.46662,0.69888
187,2.03096,0.0,2.46662,0.69888
188,2.03096,0.0,2.46662,0.69888
189,2.03096,0.0,2.46662,0.69888
190,2.03096,0.0,2.46662,0.69888
191,2.03096,0.0,2.46662,0.69888
192,2.03096,0.0,2.46662,0.69888
193,2.03096,0.0,2.46662,0.69888
194,2.03096,0.0,2.46662,0.69888
195,2.03096,0.0,2.46662,0.69888
196,2.03096,0.0,2.46662,0.69888
197,2.03096,0.0,2.46662,0.69888
198,2.03096,0.0,2.46662,0.69888
199,2.03096,0.0,2.46662,0.69888
200,2.03096,0.0,2.46662,0.69888
201,2.03096,0.0,2.46662,0.69888
202,2.03096,0.0,2.46662,0.69888
203,2.03096,0.0,2.46662,0.69888
204,2.03096,0.0,2.46662,0.69888
205,2.03096,0.0,2.46662,0.69888
206,2.03096,0.0,2.46662,0.69888
207,2.03096,0.0,2.46662,0.69888
208,2.03096,0.0,2.46662,0.69888
209,2.03096,0.0,2.46662,0.69888
210,2.03096,0.0,2.46662,0.69888
211,2.03096,0.0,2.46662,0.69888
212,2.03096,0.0,2.46662,0.69888
213,2.03096,0.0,2.46662,0.69888
214,2.03096,0.0,2.46662,0.69888
215,2.03096,0.0,2.46662,0.69888
216,2.03096,0.0,2.46662,0.69888
217,2.03096,0.0,2.46662,0.69888
218,2.03096,0.0,2.46662,0.69888
219,2.03096,0.0,2.46662,0.69888
220,2.03096,0.0,2.46662,0.69888
221,2.03096,0.0,2.46662,0.69888
222,2.03096,0.0,2.46662,0.69888
223,2.03096,0.0,2.46662,0.69888
224,2.03096,0.0,2.46662,0.69888
225,2.03096,0.0,2.46662,0.69888
226,2.03096,0.0,2.46662,0.69888
227,2.03096,0.0,2.46662,0.69888
228,2.03096,0.0,2.46662,0.69888
229,2.03096,0.0,2.46662,0.69888
230,2.03096,0.0,2.46662,0.69888
231,2.03096,0.0,2.46662,0.69888
232,2.03096,0.0,2.46662,0.69888
233,2.03096,0.0,2.46662,0.69888
234,2.03096,0.0,2.46662,0.69888
235,2.03096,0.0,2.46662,0.69888
236,2.03096,0.0,2.46662,0.69888
237,2.03096,0.0,2.46662,0.69888
238,2.03096,0.0,2.46662,0.69888
239,2.03096,0.0,2.46662,0.69888
240,2.03096,0.0,2.46662,0.69888
241,2.03096,0.0,2.46662,0.69888
242,2.03096,0.0,2.46662,0.69888
243,2.03096,0.0,2.46662,0.69888
244,2.03096,0.0,2.46662,0.69888
245,2.03096,0.0,2.46662,0.69888
246,2.03096,0.0,2.46662,0.69888
247,2.03096,0.0,2.46662,0.69888
248,2.03096,0.0,2.46662,0.69888
249,2.03096,0.0,2.46662,0.69888
250,2.03096,0.0,2.46662,0.69888
251,2.03096,0.0,2.46662,0.69888
252,2.03096,0.0,2.46662,0.69888
253,2.03096,0.0,2.46662,0.69888
254,2.03096,0.0,2.46662,0.69888
255,2.03096,0.0,2.46662,0.69888
256,2.03096,0.0,2.46662,0.69888
257,2.03096,0.0,2.46662,0.69888
258,2.03096,0.0,2.46662,0.69888
259,2.03096,0.0,2.46662,0.69888
260,2.03096,0.0,2.46662,0.69888
261,2.03096,0.0,2.46662,0.69888
262,2.03096,0.0,2.46662,0.69888
263,2.03096,0.0,2.46662,0.69888
264,2.03096,0.0,2.46662,0.69888
265,2.03096,0.0,2.46662,0.69888
266,2.03096,0.0,2.46662,0.69888
267,2.03096,0.0,2.46662,0.69888
268,2.03096,0.0,2.46662,0.69888
269,2.03096,0.0,2.46662,0.69888
270,2.03096,0.0,2.46662,0.69888
271,2.03096,0.0,2.46662,0.69888
272,2.03096,0.0,2.46662,0.69888
273,2.03096,0.0,2.46662,0.69888
274,2.03096,0.0,2.46662,0.69888
275,2.03096,0.0,2.46662,0.69888
276,2.03096,0.0,2.46662,0.69888
277,2.03096,0.0,2.46662,0.69888
278,2.03096,0.0,2.46662,0.69888
279,2.03096,0.0,2.46662,0.69888
280,2.03096,0.0,2.46662,0.69888
281,2.03096,0.0,2.46662,0.69888
282,2.03096,0.0,2.46662,0.69888
283,2.03096,0.0,2.46662,0.69888
284,2.03096,0.0,2.46662,0.69888
285,2.03096,0.0,2.46662,0.69888
286,2.03096,0.0,2.46662,0.69888
287,2.03096,0.0,2.46662,0.69888
288,2.03096,0.0,2.46662,0.69888
289,2.03096,0.0,2.46662,0.69888
290,2.03096,0.0,2.46662,0.69888
291,2.03096,0.0,2.46662,0.69888
292,2.03096,0.0,2.46662,0.69888
293,2.03096,0.0,2.46662,0.69888
294,2.03096,0.0,2.46662,0.69888
295,2.03096,0.0,2.46662,0.69888
296,2.03096,0.0,2.46662,0.69888
297,2.03096,0.0,2.46662,0.69888
298,2.03096,0.0,2.46662,0.69888
299,2.03096,0.0,2.46662,0.69888
300,2.03096,0.0,2.46662,0.69888
301,2.03096,0.0,2.46662,0.69888
302,2.03096,0.0,2.46662,0.69888
303,2.03096,0.0,2.46662,0.69888
304,2.03096,0.0,2.46662,0.69888
305,2.03096,0.0,2.46662,0.69888
306,2.03096,0.0,2.46662,0.69888
307,2.03096,0.0,2.46662,0.69888
308,2.03096,0.0,2.46662,0.69888
309,2.03096,0.0,2.46662,0.69888
310,2.03096,0.0,2.46662,0.69888
311,2.03096,0.0,2.46662,0.69888
312,2.03096,0.0,2.46662,0.69888
313,2.03096,0.0,2.46662,0.69888
314,2.03096,0.0,2.46662,0.69888
315,2.03096,0.0,2.46662,0.69888
316,2.03096,0.0,2.46662,0.69888
317,2.03096,0.0,2.46662,0.69888
318,2.03096,0.0,2.46662,0.69888
319,2.03096,0.0,2.46662,0.69888
320,2.03096,0.0,2.46662,0.69888
321,2.03096,0.0,2.46662,0.69888
322,2.03096,0.0,2.46662,0.69888
323,2.03096,0.0,2.46662,0.69888
324,2.03096,0.0,2.46662,0.69888
325,2.03096,0.0,2.46662,0.69888
326,2.03096,0.0,2.46662,0.69888
327,2.03096,0.0,2.46662,0.69888
328,2.03096,0.0,2.46662,0.69888
329,2.03096,0.0,2.46662,0.69888
330,2.03096,0.0,2.46662,0.69888
331,2.03096,0.0,2.46662,0.69888
332,2.03096,0.0,2.46662,0.69888
333,2.03096,0.0,2.46662,0.69888
334,2.03096,0.0,2.46662,0.69888
335,2.03096,0.0,2.46662,0.69888
336,2.03096,0.0,2.46662,0.69888
337,2.03096,0.0,2.46662,0.69888
338,2.03096,0.0,2.46662,0.69888
339,2.03096,0.0,2.46662,0.69888
340,2.03096,0.0,2.46662,0.69888
341,2.03096,0.0,2.46662,0.69888
342,2.03096,0.0,2.46662,0.69888
343,2.03096,0.0,2.46662,0.69888
344,2.03096,0.0,2.46662,0.69888
345,2.03096,0.0,2.46662,0.69888
346,2.03096,0.0,2.46662,0.69888
347,2.03096,0.0,2.46662,0.69888
348,2.03096,0.0,2.46662,0.69888
349,2.03096,0.0,2.46662,0.69888
350,2.03096,0.0,2.46662,0.69888
351,2.03096,0.0,2.46662,0.69888
352,2.03096,0.0,2.46662,0.69888
353,2.03096,0.0,2.46662,0.69888
354,2.03096,0.0,2.46662,0.69888
355,2.03096,0.0,2.46662,0.69888
356,2.03096,0.0,2.46662,0.69888
357,2.03096,0.0,2.46662,0.69888
358,2.03096,0.0,2.46662,0.69888
359,2.03096,0.0,2.46662,0.69888
360,2.03096,0.0,2.46662,0.69888
361,2.03096,0.0,2.46662,0.69888
362,2.03096,0.0,2.46662,0.69888
363,2.03096,0.0,2.46662,0.69888
364,2.03096,0.0,2.46662,0.69888
365,2.03096,0.0,2.46662,0.69888
366,2.03096,0.0,2.46662,0.69888
367,2.03096,0.0,2.46662,0.69888
368,2.03096,0.0,2.46662,0.69888
369,2.03096,0.0,2.46662,0.69888
370,2.03096,0.0,2.46662,0.69888
371,2.03096,0.0,2.46662,0.69888
372,2.03096,0.0,2.46662,0.69888
373,2.03096,0.0,2.46662,0.69888
374,2.03096,0.0,2.46662,0.69888
375,2.03096,0.0,2.46662,0.69888
376,2.03096,0.0,2.46662,0.69888
377,2.03096,0.0,2.46662,0.69888
378,2.03096,0.0,2.46662,0.69888
379,2.03096,0.0,2.46662,0.69888
380,2.03096,0.0,2.46662,0.69888
381,2.03096,0.0,2.46662,0.69888
382,2.03096,0.0,2.46662,0.69888
383,2.03096,0.0,2.46662,0.69888
384,2.03096,0.0,2.46662,0.69888
385,2.03096,0.0,2.46662,0.69888
386,2.03096,0.0,2.46662,0.69888
387,2.03096,0.0,2.46662,0.69888
388,2.03096,0.0,2.46662,0.69888
389,2.03096,0.0,2.46662,0.69888
390,2.03096,0.0,2.46662,0.69888
391,2.03096,0.0,2.46662,0.69888
392,2.03096,0.0,2.46662,0.69888
393,2.03096,0.0,2.46662,0.69888
394,2.03096,0.0,2.46662,0.69888
395,2.03096,0.0,2.46662,0.69888
396,2.03096,0.0,2.46662,0.69888
397,2.03096,0.0,2.46662,0.69888
398,2.03096,0.0,2.46662,0.69888
399,2.03096,0.0,2.46662,0.69888
400,2.03096,0.0,2.46662,0.69888
401,2.03096,0.0,2.46662,0.69888
402,2.03096,0.0,2.46662,0.69888
403,2.03096,0.0,2.46662,0.69888
404,2.03096,0.0,2.46662,0.69888
405,2.03096,0.0,2.46662,0.69888
406,2.03096,0.0,2.46662,0.69888
407,2.03096,0.0,2.46662,0.69888
408,2.03096,0.0,2.46662,0.69888
409,2.03096,0.0,2.46662,0.69888
410,2.03096,0.0,2.46662,0.69888
411,2.03096,0.0,2.46662,0.69888
412,2.03096,0.0,2.46662,0.69888
413,2.03096,0.0,2.46662,0.69888
414,2.03096,0.0,2.46662,0.69888
415,2.03096,0.0,2.46662,0.69888
416,2.03096,0.0,2.46662,0.69888
417,2.03096,0.0,2.46662,0.69888
418,2.03096,0.0,2.46662,0.69888
419,2.03096,0.0,2.46662,0.69888
420,2.03096,0.0,2.46662,0.69888
421,2.03096,0.0,2.46662,0.69888
422,2.03096,0.0,2.46662,0.69888
423,2.03096,0.0,2.46662,0.69888
424,2.03096,0.0,2.46662,0.69888
425,2.03096,0.0,2.46662,0.69888
426,2.03096,0.0,2.46662,0.69888
427,2.03096,0.0,2.46662,0.69888
428,2.03096,0.0,2.46662,0.69888
429,2.03096,0.0,2.46662,0.69888
430,2.03096,0.0,2.46662,0.69888
431,2.03096,0.0,2.46662,0.69888
432,2.03096,0.0,2.46662,0.69888
433,2.03096,0.0,2.46662,0.69888
434,2.03096,0.0,2.46662,0.69888
435,2.03096,0.0,2.46662,0.69888
436,2.03096,0.0,2.46662,0.69888
437,2.03096,0.0,2.46662,0.69888
438,2.03096,0.0,2.46662,0.69888
439,2.03096,0.0,2.46662,0.69888
440,2.03096,0.0,2.46662,0.69888
441,2.03096,0.0,2.46662,0.69888
442,2.03096,0.0,2.46662,0.69888
443,2.03096,0.0,2.46662,0.69888
444,2.03096,0.0,2.46662,0.69888
445,2.03096,0.0,2.46662,0.69888
446,2.03096,0.0,2.46662,0.69888
447,2.03096,0.0,2.46662,0.69888
448,2.03096,0.0,2.46662,0.69888
449,2.03096,0.0,2.46662,0.69888
450,2.03096,0.0,2.46662,0.69888
451,2.03096,0.0,2.46662,0.69888
452,2.03096,0.0,2.46662,0.69888
453,2.03096,0.0,2.46662,0.69888
454,2.03096,0.0,2.46662,0.69888
455,2.03096,0.0,2.46662,0.69888
456,2.03096,0.0,2.46662,0.69888
457,2.03096,0.0,2.46662,0.69888
458,2.03096,0.0,2.46662,0.69888
459,2.03096,0.0,2.46662,0.69888
460,2.03096,0.0,2.46662,0.69888
461,2.03096,0.0,2.46662,0.69888
462,2.03096,0.0,2.46662,0.69888
463,2.03096,0.0,2.46662,0.69888
464,2.03096,0.0,2.46662,0.69888
465,2.03096,0.0,2.46662,0.69888
466,2.03096,0.0,2.46662,0.69888
467,2.03096,0.0,2.46662,0.69888
468,2.03096,0.0,2.46662,0.69888
469,2.03096,0.0,2.46662,0.69888
470,2.03096,0.0,2.46662,0.69888
471,2.03096,0.0,2.46662,0.69888
472,2.03096,0.0,2.46662,0.69888
473,2.03096,0.0,2.46662,0.69888
474,2.03096,0.0,2.46662,0.69888
475,2.03096,0.0,2.46662,0.69888
476,2.03096,0.0,2.46662,0.69888
477,2.03096,0.0,2.46662,0.69888
478,2.03096,0.0,2.46662,0.69888
479,2.03096,0.0,2.46662,0.69888
480,2.03096,0.0,2.46662,0.69888
481,2.03096,0.0,2.46662,0.69888
482,2.03096,0.0,2.46662,0.69888
483,2.03096,0.0,2.46662,0.69888
484,2.03096,0.0,2.46662,0.69888
485,2.03096,0.0,2.46662,0.69888
486,2.03096,0.0,2.46662,0.69888
487,2.03096,0.0,2.46662,0.69888
488,2.03096,0.0,2.46662,0.69888
489,2.03096,0.0,2.46662,0.69888
490,2.03096,0.0,2.46662,0.69888
491,2.03096,0.0,2.46662,0.69888
492,2.03096,0.0,2.46662,0.69888
493,2.03096,0.0,2.46662,0.69888
494,2.03096,0.0,2.46662,0.69888
495,2.03096,0.0,2.46662,0.69888
496,2.03096,0.0,2.46662,0.69888
497,2.03096,0.0,2.46662,0.69888
498,2.03096,0.0,2.46662,0.69888
499,2.03096,0.0,2.46662,0.69888
500,2.03096,0.0,2.46662,0.69888
501,2.03096,0.0,2.46662,0.69888
502,2.03096,0.0,2.46662,0.69888
503,2.03096,0.0,2.46662,0.69888
504,2.03096,0.0,2.46662,0.69888
505,2.03096,0.0,2.46662,0.69888
506,2.03096,0.0,2.46662,0.69888
507,2.03096,0.0,2.46662,0.69888
508,2.03096,0.0,2.46662,0.69888
509,2.03096,0.0,2.46662,0.69888
510,2.03096,0.0,2.46662,0.69888
511,2.03096,0.0,2.46662,0.69888
512,2.03096,0.0,2.46662,0.69888
513,2.03096,0.0,2.46662,0.69888
514,2.03096,0.0,2.46662,0.69888
515,2.03096,0.0,2.46662,0.69888
516,2.03096,0.0,2.46662,0.69888
517,2.03096,0.0,2.46662,0.69888
518,2.03096,0.0,2.46662,0.69888
519,2.03096,0.0,2.46662,0.69888
520,2.03096,0.0,2.46662,0.69888
521,2.03096,0.0,2.46662,0.69888
522,2.03096,0.0,2.46662,0.69888
523,2.03096,0.0,2.46662,0.69888
524,2.03096,0.0,2.46662,0.69888
525,2.03096,0.0,2.46662,0.69888
526,2.03096,0.0,2.46662,0.69888
527,2.03096,0.0,2.46662,0.69888
528,2.03096,0.0,2.46662,0.69888
529,2.03096,0.0,2.46662,0.69888
530,2.03096,0.0,2.46662,0.69888
531,2.03096,0.0,2.46662,0.69888
532,2.03096,0.0,2.46662,0.69888
533,2.03096,0.0,2.46662,0.69888
534,2.03096,0.0,2.46662,0.69888
535,2.03096,0.0,2.46662,0.69888
536,2.03096,0.0,2.46662,0.69888
537,2.03096,0.0,2.46662,0.69888
538,2.03096,0.0,2.46662,0.69888
539,2.03096,0.0,2.46662,0.69888
540,2.03096,0.0,2.46662,0.69888
541,2.03096,0.0,2.46662,0.69888
542,2.03096,0.0,2.46662,0.69888
543,2.03096,0.0,2.46662,0.69888
544,2.03096,0.0,2.46662,0.69888
545,2.03096,0.0,2.46662,0.69888
546,2.03096,0.0,2.46662,0.69888
547,2.03096,0.0,2.46662,0.69888
548,2.03096,0.0,2.46662,0.69888
549,2.03096,0.0,2.46662,0.69888
550,2.03096,0.0,2.46662,0.69888
551,2.03096,0.0,2.46662,0.69888
552,2.03096,0.0,2.46662,0.69888
553,2.03096,0.0,2.46662,0.69888
554,2.03096,0.0,2.46662,0.69888
555,2.03096,0.0,2.46662,0.69888
556,2.03096,0.0,2.46662,0.69888
557,2.03096,0.0,2.46662,0.69888
558,2.03096,0.0,2.46662,0.69888
559,2.03096,0.0,2.46662,0.69888
560,2.03096,0.0,2.46662,0.69888
561,2.03096,0.0,2.46662,0.69888
562,2.03096,0.0,2.46662,0.69888
563,2.03096,0.0,2.46662,0.69888
564,2.03096,0.0,2.46662,0.69888
565,2.03096,0.0,2.46662,0.69888
566,2.03096,0.0,2.46662,0.69888
567,2.03096,0.0,2.46662,0.69888
568,2.03096,0.0,2.46662,0.69888
569,2.03096,0.0,2.46662,0.69888
570,2.03096,0.0,2.46662,0.69888
571,2.03096,0.0,2.46662,0.69888
572,2.03096,0.0,2.46662,0.69888
573,2.03096,0.0,2.46662,0.69888
574,2.03096,0.0,2.46662,0.69888
575,2.03096,0.0,2.46662,0.69888
576,2.03096,0.0,2.46662,0.69888
577,2.03096,0.0,2.46662,0.69888
578,2.03096,0.0,2.46662,0.69888
579,2.03096,0.0,2.46662,0.69888
580,2.03096,0.0,2.46662,0.69888
581,2.03096,0.0,2.46662,0.69888
582,2.03096,0.0,2.46662,0.69888
583,2.03096,0.0,2.46662,0.69888
584,2.03096,0.0,2.46662,0.69888
585,2.03096,0.0,2.46662,0.69888
586,2.03096,0.0,2.46662,0.69888
587,2.03096,0.0,2.46662,0.69888
588,2.03096,0.0,2.46662,0.69888
589,2.03096,0.0,2.46662,0.69888
590,2.03096,0.0,2.46662,0.69888
591,2.03096,0.0,2.46662,0.69888
592,2.03096,0.0,2.46662,0.69888
593,2.03096,0.0,2.46662,0.69888
594,2.03096,0.0,2.46662,0.69888
595,2.03096,0.0,2.46662,0.69888
596,2.03096,0.0,2.46662,0.69888
597,2.03096,0.0,2.46662,0.69888
598,2.03096,0.0,2.46662,0.69888
599,2.03096,0.0,2.46662,0.69888
600,2.03096,0.0,2.46662,0.69888
601,2.03096,0.0,2.46662,0.69888
602,2.03096,0.0,2.46662,0.69888
603,2.03096,0.0,2.46662,0.69888
604,2.03096,0.0,2.46662,0.69888
605,2.03096,0.0,2.46662,0.69888
606,2.03096,0.0,2.46662,0.69888
607,2.03096,0.0,2.46662,0.69888
608,2.03096,0.0,2.46662,0.69888
609,2.03096,0.0,2.46662,0.69888
610,2.03096,0.0,2.46662,0.69888
611,2.03096,0.0,2.46662,0.69888
612,2.03096,0.0,2.46662,0.69888
613,2.03096,0.0,2.46662,0.69888
614,2.03096,0.0,2.46662,0.69888
615,2.03096,0.0,2.46662,0.69888
616,2.03096,0.0,2.46662,0.69888
617,2.03096,0.0,2.46662,0.69888
618,2.03096,0.0,2.46662,0.69888
619,2.03096,0.0,2.46662,0.69888
620,2.03096,0.0,2.46662,0.69888
621,2.03096,0.0,2.46662,0.69888
622,2.03096,0.0,2.46662,0.69888
623,2.03096,0.0,2.46662,0.69888
624,2.03096,0.0,2.46662,0.69888
625,2.03096,0.0,2.46662,0.69888
626,2.03096,0.0,2.46662,0.69888
627,2.03096,0.0,2.46662,0.69888
628,2.03096,0.0,2.46662,0.69888
629,2.03096,0.0,2.46662,0.69888
630,2.03096,0.0,2.46662,0.69888
631,2.03096,0.0,2.46662,0.69888
632,2.03096,0.0,2.46662,0.69888
633,2.03096,0.0,2.46662,0.69888
634,2.03096,0.0,2.46662,0.69888
635,2.03096,0.0,2.46662,0.69888
636,2.03096,0.0,2.46662,0.69888
637,2.03096,0.0,2.46662,0.69888
638,2.03096,0.0,2.46662,0.69888
639,2.03096,0.0,2.46662,0.69888
640,2.03096,0.0,2.46662,0.69888
641,2.03096,0.0,2.46662,0.69888
642,2.03096,0.0,2.46662,0.69888
643,2.03096,0.0,2.46662,0.69888
644,2.03096,0.0,2.46662,0.69888
645,2.03096,0.0,2.46662,0.69888
646,2.03096,0.0,2.46662,0.69888
647,2.03096,0.0,2.46662,0.69888
648,2.03096,0.0,2.46662,0.69888
649,2.03096,0.0,2.46662,0.69888
650,2.03096,0.0,2.46662,0.69888
651,2.03096,0.0,2.46662,0.69888
652,2.03096,0.0,2.46662,0.69888
653,2.03096,0.0,2.46662,0.69888
654,2.03096,0.0,2.46662,0.69888
655,2.03096,0.0,2.46662,0.69888
656,2.03096,0.0,2.46662,0.69888
657,2.03096,0.0,2.46662,0.69888
658,2.03096,0.0,2.46662,0.69888
659,2.03096,0.0,2.46662,0.69888
660,2.03096,0.0,2.46662,0.69888
661,2.03096,0.0,2.46662,0.69888
662,2.03096,0.0,2.46662,0.69888
663,2.03096,0.0,2.46662,0.69888
664,2.03096,0.0,2.46662,0.69888
665,2.03096,0.0,2.46662,0.69888
666,2.03096,0.0,2.46662,0.69888
667,2.03096,0.0,2.46662,0.69888
668,2.03096,0.0,2.46662,0.69888
669,2.03096,0.0,2.46662,0.69888
670,2.03096,0.0,2.46662,0.69888
671,2.03096,0.0,2.46662,0.69888
672,2.03096,0.0,2.46662,0.69888
673,2.03096,0.0,2.46662,0.69888
674,2.03096,0.0,2.46662,0.69888
675,2.03096,0.0,2.46662,0.69888
676,2.03096,0.0,2.46662,0.69888
677,2.03096,0.0,2.46662,0.69888
678,2.03096,0.0,2.46662,0.69888
679,2.03096,0.0,2.46662,0.69888
680,2.03096,0.0,2.46662,0.69888
681,2.03096,0.0,2.46662,0.69888
682,2.03096,0.0,2.46662,0.69888
683,2.03096,0.0,2.46662,0.69888
684,2.03096,0.0,2.46662,0.69888
685,2.03096,0.0,2.46662,0.69888
686,2.03096,0.0,2.46662,0.69888
687,2.03096,0.0,2.46662,0.69888
688,2.03096,0.0,2.46662,0.69888
689,2.03096,0.0,2.46662,0.69888
690,2.03096,0.0,2.46662,0.69888
691,2.03096,0.0,2.46662,0.69888
692,2.03096,0.0,2.46662,0.69888
693,2.03096,0.0,2.46662,0.69888
694,2.03096,0.0,2.46662,0.69888
695,2.03096,0.0,2.46662,0.69888
696,2.03096,0.0,2.46662,0.69888
697,2.03096,0.0,2.46662,0.69888
698,2.03096,0.0,2.46662,0.69888
699,2.03096,0.0,2.46662,0.69888
700,2.03096,0.0,2.46662,0.69888
701,2.03096,0.0,2.46662,0.69888
702,2.03096,0.0,2.46662,0.69888
703,2.03096,0.0,2.46662,0.69888
704,2.03096,0.0,2.46662,0.69888
705,2.03096,0.0,2.46662,0.69888
706,2.03096,0.0,2.46662,0.69888
707,2.03096,0.0,2.46662,0.69888
708,2.03096,0.0,2.46662,0.69888
709,2.03096,0.0,2.46662,0.69888
710,2.03096,0.0,2.46662,0.69888
711,2.03096,0.0,2.46662,0.69888
712,2.03096,0.0,2.46662,0.69888
713,2.03096,0.0,2.46662,0.69888
714,2.03096,0.0,2.46662,0.69888
715,2.03096,0.0,2.46662,0.69888
716,2.03096,0.0,2.46662,0.69888
717,2.03096,0.0,2.46662,0.69888
718,2.03096,0.0,2.46662,0.69888
719,2.03096,0.0,2.46662,0.69888
720,2.03096,0.0,2.46662,0.69888
721,2.03096,0.0,2.46662,0.69888
722,2.03096,0.0,2.46662,0.69888
723,2.03096,0.0,2.46662,0.69888
724,2.03096,0.0,2.46662,0.69888
725,2.03096,0.0,2.46662,0.69888
726,2.03096,0.0,2.46662,0.69888
727,2.03096,0.0,2.46662,0.69888
728,2.03096,0.0,2.46662,0.69888
729,2.03096,0.0,2.46662,0.69888
730,2.03096,0.0,2.46662,0.69888
731,2.03096,0.0,2.46662,0.69888
732,2.03096,0.0,2.46662,0.69888
733,2.03096,0.0,2.46662,0.69888
734,2.03096,0.0,2.46662,0.69888
735,2.03096,0.0,2.46662,0.69888
736,2.03096,0.0,2.46662,0.69888
737,2.03096,0.0,2.46662,0.69888
738,2.03096,0.0,2.46662,0.69888
739,2.03096,0.0,2.46662,0.69888
740,2.03096,0.0,2.46662,0.69888
741,2.03096,0.0,2.46662,0.69888
742,2.03096,0.0,2.46662,0.69888
743,2.03096,0.0,2.46662,0.69888
744,2.03096,0.0,2.46662,0.69888
745,2.03096,0.0,2.46662,0.69888
746,2.03096,0.0,2.46662,0.69888
747,2.03096,0.0,2.46662,0.69888
748,2.03096,0.0,2.46662,0.69888
749,2.03096,0.0,2.46662,0.69888
750,2.03096,0.0,2.46662,0.69888
751,2.03096,0.0,2.46662,0.69888
752,2.03096,0.0,2.46662,0.69888
753,2.03096,0.0,2.46662,0.69888
754,2.03096,0.0,2.46662,0.69888
755,2.03096,0.0,2.46662,0.69888
756,2.03096,0.0,2.46662,0.69888
757,2.03096,0.0,2.46662,0.69888
758,2.03096,0.0,2.46662,0.69888
759,2.03096,0.0,2.46662,0.69888
760,2.03096,0.0,2.46662,0.69888
761,2.03096,0.0,2.46662,0.69888
762,2.03096,0.0,2.46662,0.69888
763,2.03096,0.0,2.46662,0.69888
764,2.03096,0.0,2.46662,0.69888
765,2.03096,0.0,2.46662,0.69888
766,2.03096,0.0,2.46662,0.69888
767,2.03096,0.0,2.46662,0.69888
768,2.03096,0.0,2.46662,0.69888
769,2.03096,0.0,2.46662,0.69888
770,2.03096,0.0,2.46662,0.69888
771,2.03096,0.0,2.46662,0.69888
772,2.03096,0.0,2.46662,0.69888
773,2.03096,0.0,2.46662,0.69888
774,2.03096,0.0,2.46662,0.69888
775,2.03096,0.0,2.46662,0.69888
776,2.03096,0.0,2.46662,0.69888
777,2.03096,0.0,2.46662,0.69888
778,2.03096,0.0,2.46662,0.69888
779,2.03096,0.0,2.46662,0.69888
780,2.03096,0.0,2.46662,0.69888
781,2.03096,0.0,2.46662,0.69888
782,2.03096,0.0,2.46662,0.69888
783,2.03096,0.0,2.46662,0.69888
784,2.03096,0.0,2.46662,0.69888
785,2.03096,0.0,2.46662,0.69888
786,2.03096,0.0,2.46662,0.69888
787,2.03096,0.0,2.46662,0.69888
788,2.03096,0.0,2.46662,0.69888
789,2.03096,0.0,2.46662,0.69888
790,2.03096,0.0,2.46662,0.69888
791,2.03096,0.0,2.46662,0.69888
792,2.03096,0.0,2.46662,0.69888
793,2.03096,0.0,2.46662,0.69888
794,2.03096,0.0,2.46662,0.69888
795,2.03096,0.0,2.46662,0.69888
796,2.03096,0.0,2.46662,0.69888
797,2.03096,0.0,2.46662,0.69888
798,2.03096,0.0,2.46662,0.69888
799,2.03096,0.0,2.46662,0.69888
800,2.03096,0.0,2.46662,0.69888
801,2.03096,0.0,2.46662,0.69888
802,2.03096,0.0,2.46662,0.69888
803,2.03096,0.0,2.46662,0.69888
804,2.03096,0.0,2.46662,0.69888
805,2.03096,0.0,2.46662,0.69888
806,2.03096,0.0,2.46662,0.69888
807,2.03096,0.0,2.46662,0.69888
808,2.03096,0.0,2.46662,0.69888
809,2.03096,0.0,2.46662,0.69888
810,2.03096,0.0,2.46662,0.69888
811,2.03096,0.0,2.46662,0.69888
812,2.03096,0.0,2.46662,0.69888
813,2.03096,0.0,2.46662,0.69888
814,2.03096,0.0,2.46662,0.69888
815,2.03096,0.0,2.46662,0.69888
816,2.03096,0.0,2.46662,0.69888
817,2.03096,0.0,2.46662,0.69888
818,2.03096,0.0,2.46662,0.69888
819,2.03096,0.0,2.46662,0.69888
820,2.03096,0.0,2.46662,0.69888
821,2.03096,0.0,2.46662,0.69888
822,2.03096,0.0,2.46662,0.69888
823,2.03096,0.0,2.46662,0.69888
824,2.03096,0.0,2.46662,0.69888
825,2.03096,0.0,2.46662,0.69888
826,2.03096,0.0,2.46662,0.69888
827,2.03096,0.0,2.46662,0.69888
828,2.03096,0.0,2.46662,0.69888
829,2.03096,0.0,2.46662,0.69888
830,2.03096,0.0,2.46662,0.69888
831,2.03096,0.0,2.46662,0.69888
832,2.03096,0.0,2.46662,0.69888
833,2.03096,0.0,2.46662,0.69888
834,2.03096,0.0,2.46662,0.69888
835,2.03096,0.0,2.46662,0.69888
836,2.03096,0.0,2.46662,0.69888
837,2.03096,0.0,2.46662,0.69888
838,2.03096,0.0,2.46662,0.69888
839,2.03096,0.0,2.46662,0.69888
840,2.03096,0.0,2.46662,0.69888
841,2.03096,0.0,2.46662,0.69888
842,2.03096,0.0,2.46662,0.69888
843,2.03096,0.0,2.46662,0.69888
844,2.03096,0.0,2.46662,0.69888
845,2.03096,0.0,2.46662,0.69888
846,2.03096,0.0,2.46662,0.69888
847,2.03096,0.0,2.46662,0.69888
848,2.03096,0.0,2.46662,0.69888
849,2.03096,0.0,2.46662,0.69888
850,2.03096,0.0,2.46662,0.69888
851,2.03096,0.0,2.46662,0.69888
852,2.03096,0.0,2.46662,0.69888
853,2.03096,0.0,2.46662,0.69888
854,2.03096,0.0,2.46662,0.69888
855,2.03096,0.0,2.46662,0.69888
856,2.03096,0.0,2.46662,0.69888
857,2.03096,0.0,2.46662,0.69888
858,2.03096,0.0,2.46662,0.69888
859,2.03096,0.0,2.46662,0.69888
860,2.03096,0.0,2.46662,0.69888
861,2.03096,0.0,2.46662,0.69888
862,2.03096,0.0,2.46662,0.69888
863,2.03096,0.0,2.46662,0.69888
864,2.03096,0.0,2.46662,0.69888
865,2.03096,0.0,2.46662,0.69888
866,2.03096,0.0,2.46662,0.69888
867,2.03096,0.0,2.46662,0.69888
868,2.03096,0.0,2.46662,0.69888
869,2.03096,0.0,2.46662,0.69888
870,2.03096,0.0,2.46662,0.69888
871,2.03096,0.0,2.46662,0.69888
872,2.03096,0.0,2.46662,0.69888
873,2.03096,0.0,2.46662,0.69888
874,2.03096,0.0,2.46662,0.69888
875,2.03096,0.0,2.46662,0.69888
876,2.03096,0.0,2.46662,0.69888
877,2.03096,0.0,2.46662,0.69888
878,2.03096,0.0,2.46662,0.69888
879,2.03096,0.0,2.46662,0.69888
880,2.03096,0.0,2.46662,0.69888
881,2.03096,0.0,2.46662,0.69888
882,2.03096,0.0,2.46662,0.69888
883,2.03096,0.0,2.46662,0.69888
884,2.03096,0.0,2.46662,0.69888
885,2.03096,0.0,2.46662,0.69888
886,2.03096,0.0,2.46662,0.69888
887,2.03096,0.0,2.46662,0.69888
888,2.03096,0.0,2.46662,0.69888
889,2.03096,0.0,2.46662,0.69888
890,2.03096,0.0,2.46662,0.69888
891,2.03096,0.0,2.46662,0.69888
892,2.03096,0.0,2.46662,0.69888
893,2.03096,0.0,2.46662,0.69888
894,2.03096,0.0,2.46662,0.69888
895,2.03096,0.0,2.46662,0.69888
896,2.03096,0.0,2.46662,0.69888
897,2.03096,0.0,2.46662,0.69888
898,2.03096,0.0,2.46662,0.69888
899,2.03096,0.0,2.46662,0.69888
900,2.03096,0.0,2.46662,0.69888
901,2.03096,0.0,2.46662,0.69888
902,2.03096,0.0,2.46662,0.69888
903,2.03096,0.0,2.46662,0.69888
904,2.03096,0.0,2.46662,0.69888
905,2.03096,0.0,2.46662,0.69888
906,2.03096,0.0,2.46662,0.69888
907,2.03096,0.0,2.46662,0.69888
908,2.03096,0.0,2.46662,0.69888
909,2.03096,0.0,2.46662,0.69888
910,2.03096,0.0,2.46662,0.69888
911,2.03096,0.0,2.46662,0.69888
912,2.03096,0.0,2.46662,0.69888
913,2.03096,0.0,2.46662,0.69888
914,2.03096,0.0,2.46662,0.69888
915,2.03096,0.0,2.46662,0.69888
916,2.03096,0.0,2.46662,0.69888
917,2.03096,0.0,2.46662,0.69888
918,2.03096,0.0,2.46662,0.69888
919,2.03096,0.0,2.46662,0.69888
920,2.03096,0.0,2.46662,0.69888
921,2.03096,0.0,2.46662,0.69888
922,2.03096,0.0,2.46662,0.69888
923,2.03096,0.0,2.46662,0.69888
924,2.03096,0.0,2.46662,0.69888
925,2.03096,0.0,2.46662,0.69888
926,2.03096,0.0,2.46662,0.69888
927,2.03096,0.0,2.46662,0.69888
928,2.03096,0.0,2.46662,0.69888
929,2.03096,0.0,2.46662,0.69888
930,2.03096,0.0,2.46662,0.69888
931,2.03096,0.0,2.46662,0.69888
932,2.03096,0.0,2.46662,0.69888
933,2.03096,0.0,2.46662,0.69888
934,2.03096,0.0,2.46662,0.69888
935,2.03096,0.0,2.46662,0.69888
936,2.03096,0.0,2.46662,0.69888
937,2.03096,0.0,2.46662,0.69888
938,2.03096,0.0,2.46662,0.69888
939,2.03096,0.0,2.46662,0.69888
940,2.03096,0.0,2.46662,0.69888
941,2.03096,0.0,2.46662,0.69888
942,2.03096,0.0,2.46662,0.69888
943,2.03096,0.0,2.46662,0.69888
944,2.03096,0.0,2.46662,0.69888
945,2.03096,0.0,2.46662,0.69888
946,2.03096,0.0,2.46662,0.69888
947,2.03096,0.0,2.46662,0.69888
948,2.03096,0.0,2.46662,0.69888
949,2.03096,0.0,2.46662,0.69888
950,2.03096,0.0,2.46662,0.69888
951,2.03096,0.0,2.46662,0.69888
952,2.03096,0.0,2.46662,0.69888
953,2.03096,0.0,2.46662,0.69888
954,2.03096,0.0,2.46662,0.69888
955,2.03096,0.0,2.46662,0.69888
956,2.03096,0.0,2.46662,0.69888
957,2.03096,0.0,2.46662,0.69888
958,2.03096,0.0,2.46662,0.69888
959,2.03096,0.0,2.46662,0.69888
960,2.03096,0.0,2.46662,0.69888
961,2.03096,0.0,2.46662,0.69888
962,2.03096,0.0,2.46662,0.69888
963,2.03096,0.0,2.46662,0.69888
964,2.03096,0.0,2.46662,0.69888
965,2.03096,0.0,2.46662,0.69888
966,2.03096,0.0,2.46662,0.69888
967,2.03096,0.0,2.46662,0.69888
968,2.03096,0.0,2.46662,0.69888
969,2.03096,0.0,2.46662,0.69888
970,2.03096,0.0,2.46662,0.69888
971,2.03096,0.0,2.46662,0.69888
972,2.03096,0.0,2.46662,0.69888
973,2.03096,0.0,2.46662,0.69888
974,2.03096,0.0,2.46662,0.69888
975,2.03096,0.0,2.46662,0.69888
976,2.03096,0.0,2.46662,0.69888
977,2.03096,0.0,2.46662,0.69888
978,2.03096,0.0,2.46662,0.69888
979,2.03096,0.0,2.46662,0.69888
980,2.03096,0.0,2.46662,0.69888
981,2.03096,0.0,2.46662,0.69888
982,2.03096,0.0,2.46662,0.69888
983,2.03096,0.0,2.46662,0.69888
984,2.03096,0.0,2.46662,0.69888
985,2.03096,0.0,2.46662,0.69888
986,2.03096,0.0,2.46662,0.69888
987,2.03096,0.0,2.46662,0.69888
988,2.03096,0.0,2.46662,0.69888
989,2.03096,0.0,2.46662,0.69888
990,2.03096,0.0,2.46662,0.69888
991,2.03096,0.0,2.46662,0.69888
992,2.03096,0.0,2.46662,0.69888
993,2.03096,0.0,2.46662,0.69888
994,2.03096,0.0,2.46662,0.69888
995,2.03096,0.0,2.46662,0.69888
996,2.03096,0.0,2.46662,0.69888
997,2.03096,0.0,2.46662,0.69888
998,2.03096,0.0,2.46662,0.69888
999,2.03096,0.0,2.46662,0.69888
1000,2.03096,0.0,2.46662,0.69888
1001,2.03096,0.0,2.46662,0.69888
1002,2.03096,0.0,2.46662,0.69888
1003,2.03096,0.0,2.46662,0.69888
1004,2.03096,0.0,2.46662,0.69888
1005,2.03096,0.0,2.46662,0.69888
1006,2.03096,0.0,2.46662,0.69888
1007,2.03096,0.0,2.46662,0.69888
1008,2.03096,0.0,2.46662,0.69888
1009,2.03096,0.0,2.46662,0.69888
1010,2.03096,0.0,2.46662,0.69888
1011,2.03096,0.0,2.46662,0.69888
1012,2.03096,0.0,2.46662,0.69888
1013,2.03096,0.0,2.46662,0.69888
1014,2.03096,0.0,2.46662,0.69888
1015,2.03096,0.0,2.46662,0.69888
1016,2.03096,0.0,2.46662,0.69888
1017,2.03096,0.0,2.46662,0.69888
1018,2.03096,0.0,2.46662,0.69888
1019,2.03096,0.0,2.46662,0.69888
1020,2.03096,0.0,2.46662,0.69888
1021,2.03096,0.0,2.46662,0.69888
1022,2.03096,0.0,2.46662,0.69888
1023,2.03096,0.0,2.46662,0.69888
1024,2.03096,0.0,2.46662,0.69888
1025,2.03096,0.0,2.46662,0.69888
1026,2.03096,0.0,2.46662,0.69888
1027,2.03096,0.0,2.46662,0.69888
1028,2.03096,0.0,2.46662,0.69888
1029,2.03096,0.0,2.46662,0.69888
1030,2.03096,0.0,2.46662,0.69888
1031,2.03096,0.0,2.46662,0.69888
1032,2.03096,0.0,2.46662,0.69888
1033,2.03096,0.0,2.46662,0.69888
1034,2.03096,0.0,2.46662,0.69888
1035,2.03096,0.0,2.46662,0.69888
1036,2.03096,0.0,2.46662,0.69888
1037,2.03096,0.0,2.46662,0.69888
1038,2.03096,0.0,2.46662,0.69888
1039,2.03096,0.0,2.46662,0.69888
1040,2.03096,0.0,2.46662,0.69888
1041,2.03096,0.0,2.46662,0.69888
1042,2.03096,0.0,2.46662,0.69888
1043,2.03096,0.0,2.46662,0.69888
1044,2.03096,0.0,2.46662,0.69888
1045,2.03096,0.0,2.46662,0.69888
1046,2.03096,0.0,2.46662,0.69888
1047,2.03096,0.0,2.46662,0.69888
1048,2.03096,0.0,2.46662,0.69888
1049,2.03096,0.0,2.46662,0.69888
1050,2.03096,0.0,2.46662,0.69888
1051,2.03096,0.0,2.46662,0.69888
1052,2.03096,0.0,2.46662,0.69888
1053,2.03096,0.0,2.46662,0.69888
1054,2.03096,0.0,2.46662,0.69888
1055,2.03096,0.0,2.46662,0.69888
1056,2.03096,0.0,2.46662,0.69888
1057,2.03096,0.0,2.46662,0.69888
1058,2.03096,0.0,2.46662,0.69888
1059,2.03096,0.0,2.46662,0.69888
1060,2.03096,0.0,2.46662,0.69888
1061,2.03096,0.0,2.46662,0.69888
1062,2.03096,0.0,2.46662,0.69888
1063,2.03096,0.0,2.46662,0.69888
1064,2.03096,0.0,2.46662,0.69888
1065,2.03096,0.0,2.46662,0.69888
1066,2.03096,0.0,2.46662,0.69888
1067,2.03096,0.0,2.46662,0.69888
1068,2.03096,0.0,2.46662,0.69888
1069,2.03096,0.0,2.46662,0.69888
1070,2.03096,0.0,2.46662,0.69888
1071,2.03096,0.0,2.46662,0.69888
1072,2.03096,0.0,2.46662,0.69888
1073,2.03096,0.0,2.46662,0.69888
1074,2.03096,0.0,2.46662,0.69888
1075,2.03096,0.0,2.46662,0.69888
1076,2.03096,0.0,2.46662,0.69888
1077,2.03096,0.0,2.46662,0.69888
1078,2.03096,0.0,2.46662,0.69888
1079,2.03096,0.0,2.46662,0.69888
1080,2.03096,0.0,2.46662,0.69888
1081,2.03096,0.0,2.46662,0.69888
1082,2.03096,0.0,2.46662,0.69888
1083,2.03096,0.0,2.46662,0.69888
1084,2.03096,0.0,2.46662,0.69888
1085,2.03096,0.0,2.46662,0.69888
1086,2.03096,0.0,2.46662,0.69888
1087,2.03096,0.0,2.46662,0.69888
1088,2.03096,0.0,2.46662,0.69888
1089,2.03096,0.0,2.46662,0.69888
1090,2.03096,0.0,2.46662,0.69888
1091,2.03096,0.0,2.46662,0.69888
1092,2.03096,0.0,2.46662,0.69888
1093,2.03096,0.0,2.46662,0.69888
1094,2.03096,0.0,2.46662,0.69888
1095,2.03096,0.0,2.46662,0.69888
1096,2.03096,0.0,2.46662,0.69888
1097,2.03096,0.0,2.46662,0.69888
1098,2.03096,0.0,2.46662,0.69888
1099,2.03096,0.0,2.46662,0.69888
1100,2.03096,0.0,2.46662,0.69888
1101,2.03096,0.0,2.46662,0.69888
1102,2.03096,0.0,2.46662,0.69888
1103,2.03096,0.0,2.46662,0.69888
1104,2.03096,0.0,2.46662,0.69888
1105,2.03096,0.0,2.46662,0.69888
1106,2.03096,0.0,2.46662,0.69888
1107,2.03096,0.0,2.46662,0.69888
1108,2.03096,0.0,2.46662,0.69888
1109,2.03096,0.0,2.46662,0.69888
1110,2.03096,0.0,2.46662,0.69888
1111,2.03096,0.0,2.46662,0.69888
1112,2.03096,0.0,2.46662,0.69888
1113,2.03096,0.0,2.46662,0.69888
1114,2.03096,0.0,2.46662,0.69888
1115,2.03096,0.0,2.46662,0.69888
1116,2.03096,0.0,2.46662,0.69888
1117,2.03096,0.0,2.46662,0.69888
1118,2.03096,0.0,2.46662,0.69888
1119,2.03096,0.0,2.46662,0.69888
1120,2.03096,0.0,2.46662,0.69888
1121,2.03096,0.0,2.46662,0.69888
1122,2.03096,0.0,2.46662,0.69888
1123,2.03096,0.0,2.46662,0.69888
1124,2.03096,0.0,2.46662,0.69888
1125,2.03096,0.0,2.46662,0.69888
1126,2.03096,0.0,2.46662,0.69888
1127,2.03096,0.0,2.46662,0.69888
1128,2.03096,0.0,2.46662,0.69888
1129,2.03096,0.0,2.46662,0.69888
1130,2.03096,0.0,2.46662,0.69888
1131,2.03096,0.0,2.46662,0.69888
1132,2.03096,0.0,2.46662,0.69888
1133,2.03096,0.0,2.46662,0.69888
1134,2.03096,0.0,2.46662,0.69888
1135,2.03096,0.0,2.46662,0.69888
1136,2.03096,0.0,2.46662,0.69888
1137,2.03096,0.0,2.46662,0.69888
1138,2.03096,0.0,2.46662,0.69888
1139,2.03096,0.0,2.46662,0.69888
1140,2.03096,0.0,2.46662,0.69888
1141,2.03096,0.0,2.46662,0.69888
1142,2.03096,0.0,2.46662,0.69888
1143,2.03096,0.0,2.46662,0.69888
1144,2.03096,0.0,2.46662,0.69888
1145,2.03096,0.0,2.46662,0.69888
1146,2.03096,0.0,2.46662,0.69888
1147,2.03096,0.0,2.46662,0.69888
1148,2.03096,0.0,2.46662,0.69888
1149,2.03096,0.0,2.46662,0.69888
1150,2.03096,0.0,2.46662,0.69888
1151,2.03096,0.0,2.46662,0.69888
1152,2.03096,0.0,2.46662,0.69888
1153,2.03096,0.0,2.46662,0.69888
1154,2.03096,0.0,2.46662,0.69888
1155,2.03096,0.0,2.46662,0.69888
1156,2.03096,0.0,2.46662,0.69888
1157,2.03096,0.0,2.46662,0.69888
1158,2.03096,0.0,2.46662,0.69888
1159,2.03096,0.0,2.46662,0.69888
1160,2.03096,0.0,2.46662,0.69888
1161,2.03096,0.0,2.46662,0.69888
1162,2.03096,0.0,2.46662,0.69888
1163,2.03096,0.0,2.46662,0.69888
1164,2.03096,0.0,2.46662,0.69888
1165,2.03096,0.0,2.46662,0.69888
1166,2.03096,0.0,2.46662,0.69888
1167,2.03096,0.0,2.46662,0.69888
1168,2.03096,0.0,2.46662,0.69888
1169,2.03096,0.0,2.46662,0.69888
1170,2.03096,0.0,2.46662,0.69888
1171,2.03096,0.0,2.46662,0.69888
1172,2.03096,0.0,2.46662,0.69888
1173,2.03096,0.0,2.46662,0.69888
1174,2.03096,0.0,2.46662,0.69888
1175,2.03096,0.0,2.46662,0.69888
1176,2.03096,0.0,2.46662,0.69888
1177,2.03096,0.0,2.46662,0.69888
1178,2.03096,0.0,2.46662,0.69888
1179,2.03096,0.0,2.46662,0.69888
1180,2.03096,0.0,2.46662,0.69888
1181,2.03096,0.0,2.46662,0.69888
1182,2.03096,0.0,2.46662,0.69888
1183,2.03096,0.0,2.46662,0.69888
1184,2.03096,0.0,2.46662,0.69888
1185,2.03096,0.0,2.46662,0.69888
1186,2.03096,0.0,2.46662,0.69888
1187,2.03096,0.0,2.46662,0.69888
1188,2.03096,0.0,2.46662,0.69888
1189,2.03096,0.0,2.46662,0.69888
1190,2.03096,0.0,2.46662,0.69888
1191,2.03096,0.0,2.46662,0.69888
1192,2.03096,0.0,2.46662,0.69888
1193,2.03096,0.0,2.46662,0.69888
1194,2.03096,0.0,2.46662,0.69888
1195,2.03096,0.0,2.46662,0.69888
1196,2.03096,0.0,2.46662,0.69888
1197,2.03096,0.0,2.46662,0.69888
1198,2.03096,0.0,2.46662,0.69888
1199,2.03096,0.0,2.46662,0.69888
1200,2.03096,0.0,2.46662,0.69888
1201,2.03096,0.0,2.46662,0.69888
1202,2.03096,0.0,2.46662,0.69888
1203,2.03096,0.0,2.46662,0.69888
1204,2.03096,0.0,2.46662,0.69888
1205,2.03096,0.0,2.46662,0.69888
1206,2.03096,0.0,2.46662,0.69888
1207,2.03096,0.0,2.46662,0.69888
1208,2.03096,0.0,2.46662,0.69888
1209,2.03096,0.0,2.46662,0.69888
1210,2.03096,0.0,2.46662,0.69888
1211,2.03096,0.0,2.46662,0.69888
1212,2.03096,0.0,2.46662,0.69888
1213,2.03096,0.0,2.46662,0.69888
1214,2.03096,0.0,2.46662,0.69888
1215,2.03096,0.0,2.46662,0.69888
1216,2.03096,0.0,2.46662,0.69888
1217,2.03096,0.0,2.46662,0.69888
1218,2.03096,0.0,2.46662,0.69888
1219,2.03096,0.0,2.46662,0.69888
1220,2.03096,0.0,2.46662,0.69888
1221,2.03096,0.0,2.46662,0.69888
1222,2.03096,0.0,2.46662,0.69888
1223,2.03096,0.0,2.46662,0.69888
1224,2.03096,0.0,2.46662,0.69888
1225,2.03096,0.0,2.46662,0.69888
1226,2.03096,0.0,2.46662,0.69888
1227,2.03096,0.0,2.46662,0.69888
1228,2.03096,0.0,2.46662,0.69888
1229,2.03096,0.0,2.46662,0.69888
1230,2.03096,0.0,2.46662,0.69888
1231,2.03096,0.0,2.46662,0.69888
1232,2.03096,0.0,2.46662,0.69888
1233,2.03096,0.0,2.46662,0.69888
1234,2.03096,0.0,2.46662,0.69888
1235,2.03096,0.0,2.46662,0.69888
1236,2.03096,0.0,2.46662,0.69888
1237,2.03096,0.0,2.46662,0.69888
1238,2.03096,0.0,2.46662,0.69888
1239,2.03096,0.0,2.46662,0.69888
1240,2.03096,0.0,2.46662,0.69888
1241,2.03096,0.0,2.46662,0.69888
1242,2.03096,0.0,2.46662,0.69888
1243,2.03096,0.0,2.46662,0.69888
1244,2.03096,0.0,2.46662,0.69888
1245,2.03096,0.0,2.46662,0.69888
1246,2.03096,0.0,2.46662,0.69888
1247,2.03096,0.0,2.46662,0.69888
1248,2.03096,0.0,2.46662,0.69888
1249,2.03096,0.0,2.46662,0.69888
1250,2.03096,0.0,2.46662,0.69888
1251,2.03096,0.0,2.46662,0.69888
1252,2.03096,0.0,2.46662,0.69888
1253,2.03096,0.0,2.46662,0.69888
1254,2.03096,0.0,2.46662,0.69888
1255,2.03096,0.0,2.46662,0.69888
1256,2.03096,0.0,2.46662,0.69888
1257,2.03096,0.0,2.46662,0.69888
1258,2.03096,0.0,2.46662,0.69888
1259,2.03096,0.0,2.46662,0.69888
1260,2.03096,0.0,2.46662,0.69888
1261,2.03096,0.0,2.46662,0.69888
1262,2.03096,0.0,2.46662,0.69888
1263,2.03096,0.0,2.46662,0.69888
1264,2.03096,0.0,2.46662,0.69888
1265,2.03096,0.0,2.46662,0.69888
1266,2.03096,0.0,2.46662,0.69888
1267,2.03096,0.0,2.46662,0.69888
1268,2.03096,0.0,2.46662,0.69888
1269,2.03096,0.0,2.46662,0.69888
1270,2.03096,0.0,2.46662,0.69888
1271,2.03096,0.0,2.46662,0.69888
1272,2.03096,0.0,2.46662,0.69888
1273,2.03096,0.0,2.46662,0.69888
1274,2.03096,0.0,2.46662,0.69888
1275,2.03096,0.0,2.46662,0.69888
1276,2.03096,0.0,2.46662,0.69888
1277,2.03096,0.0,2.46662,0.69888
1278,2.03096,0.0,2.46662,0.69888
1279,2.03096,0.0,2.46662,0.69888
1280,2.03096,0.0,2.46662,0.69888
1281,2.03096,0.0,2.46662,0.69888
1282,2.03096,0.0,2.46662,0.69888
1283,2.03096,0.0,2.46662,0.69888
1284,2.03096,0.0,2.46662,0.69888
1285,2.03096,0.0,2.46662,0.69888
1286,2.03096,0.0,2.46662,0.69888
1287,2.03096,0.0,2.46662,0.69888
1288,2.03096,0.0,2.46662,0.69888
1289,2.03096,0.0,2.46662,0.69888
1290,2.03096,0.0,2.46662,0.69888
1291,2.03096,0.0,2.46662,0.69888
1292,2.03096,0.0,2.46662,0.69888
1293,2.03096,0.0,2.46662,0.69888
1294,2.03096,0.0,2.46662,0.69888
1295,2.03096,0.0,2.46662,0.69888
1296,2.03096,0.0,2.46662,0.69888
1297,2.03096,0.0,2.46662,0.69888
1298,2.03096,0.0,2.46662,0.69888
1299,2.03096,0.0,2.46662,0.69888
1300,2.03096,0.0,2.46662,0.69888
1301,2.03096,0.0,2.46662,0.69888
1302,2.03096,0.0,2.46662,0.69888
1303,2.03096,0.0,2.46662,0.69888
1304,2.03096,0.0,2.46662,0.69888
1305,2.03096,0.0,2.46662,0.69888
1306,2.03096,0.0,2.46662,0.69888
1307,2.03096,0.0,2.46662,0.69888
1308,2.03096,0.0,2.46662,0.69888
1309,2.03096,0.0,2.46662,0.69888
1310,2.03096,0.0,2.46662,0.69888
1311,2.03096,0.0,2.46662,0.69888
1312,2.03096,0.0,2.46662,0.69888
1313,2.03096,0.0,2.46662,0.69888
1314,2.03096,0.0,2.46662,0.69888
1315,2.03096,0.0,2.46662,0.69888
1316,2.03096,0.0,2.46662,0.69888
1317,2.03096,0.0,2.46662,0.69888
1318,2.03096,0.0,2.46662,0.69888
1319,2.03096,0.0,2.46662,0.69888
1320,2.03096,0.0,2.46662,0.69888
1321,2.03096,0.0,2.46662,0.69888
1322,2.03096,0.0,2.46662,0.69888
1323,2.03096,0.0,2.46662,0.69888
1324,2.03096,0.0,2.46662,0.69888
1325,2.03096,0.0,2.46662,0.69888
1326,2.03096,0.0,2.46662,0.69888
1327,2.03096,0.0,2.46662,0.69888
1328,2.03096,0.0,2.46662,0.69888
1329,2.03096,0.0,2.46662,0.69888
1330,2.03096,0.0,2.46662,0.69888
1331,2.03096,0.0,2.46662,0.69888
1332,2.03096,0.0,2.46662,0.69888
1333,2.03096,0.0,2.46662,0.69888
1334,2.03096,0.0,2.46662,0.69888
1335,2.03096,0.0,2.46662,0.69888
1336,2.03096,0.0,2.46662,0.69888
1337,2.03096,0.0,2.46662,0.69888
1338,2.03096,0.0,2.46662,0.69888
1339,2.03096,0.0,2.46662,0.69888
1340,2.03096,0.0,2.46662,0.69888
1341,2.03096,0.0,2.46662,0.69888
1342,2.03096,0.0,2.46662,0.69888
1343,2.03096,0.0,2.46662,0.69888
1344,2.03096,0.0,2.46662,0.69888
1345,2.03096,0.0,2.46662,0.69888
1346,2.03096,0.0,2.46662,0.69888
1347,2.03096,0.0,2.46662,0.69888
1348,2.03096,0.0,2.46662,0.69888
1349,2.03096,0.0,2.46662,0.69888
1350,2.03096,0.0,2.46662,0.69888
1351,2.03096,0.0,2.46662,0.69888
1352,2.03096,0.0,2.46662,0.69888
1353,2.03096,0.0,2.46662,0.69888
1354,2.03096,0.0,2.46662,0.69888
1355,2.03096,0.0,2.46662,0.69888
1356,2.03096,0.0,2.46662,0.69888
1357,2.03096,0.0,2.46662,0.69888
1358,2.03096,0.0,2.46662,0.69888
1359,2.03096,0.0,2.46662,0.69888
1360,2.03096,0.0,2.46662,0.69888
1361,2.03096,0.0,2.46662,0.69888
1362,2.03096,0.0,2.46662,0.69888
1363,2.03096,0.0,2.46662,0.69888
1364,2.03096,0.0,2.46662,0.69888
1365,2.03096,0.0,2.46662,0.69888
1366,2.03096,0.0,2.46662,0.69888
1367,2.03096,0.0,2.46662,0.69888
1368,2.03096,0.0,2.46662,0.69888
1369,2.03096,0.0,2.46662,0.69888
1370,2.03096,0.0,2.46662,0.69888
1371,2.03096,0.0,2.46662,0.69888
1372,2.03096,0.0,2.46662,0.69888
1373,2.03096,0.0,2.46662,0.69888
1374,2.03096,0.0,2.46662,0.69888
1375,2.03096,0.0,2.46662,0.69888
1376,2.03096,0.0,2.46662,0.69888
1377,2.03096,0.0,2.46662,0.69888
1378,2.03096,0.0,2.46662,0.69888
1379,2.03096,0.0,2.46662,0.69888
1380,2.03096,0.0,2.46662,0.69888
1381,2.03096,0.0,2.46662,0.69888
1382,2.03096,0.0,2.46662,0.69888
1383,2.03096,0.0,2.46662,0.69888
1384,2.03096,0.0,2.46662,0.69888
1385,2.03096,0.0,2.46662,0.69888
1386,2.03096,0.0,2.46662,0.69888
1387,2.03096,0.0,2.46662,0.69888
1388,2.03096,0.0,2.46662,0.69888
1389,2.03096,0.0,2.46662,0.69888
1390,2.03096,0.0,2.46662,0.69888
1391,2.03096,0.0,2.46662,0.69888
1392,2.03096,0.0,2.46662,0.69888
1393,2.03096,0.0,2.46662,0.69888
1394,2.03096,0.0,2.46662,0.69888
1395,2.03096,0.0,2.46662,0.69888
1396,2.03096,0.0,2.46662,0.69888
1397,2.03096,0.0,2.46662,0.69888
1398,2.03096,0.0,2.46662,0.69888
1399,2.03096,0.0,2.46662,0.69888
1400,2.03096,0.0,2.46662,0.69888
1401,2.03096,0.0,2.46662,0.69888
1402,2.03096,0.0,2.46662,0.69888
1403,2.03096,0.0,2.46662,0.69888
1404,2.03096,0.0,2.46662,0.69888
1405,2.03096,0.0,2.46662,0.69888
1406,2.03096,0.0,2.46662,0.69888
1407,2.03096,0.0,2.46662,0.69888
1408,2.03096,0.0,2.46662,0.69888
1409,2.03096,0.0,2.46662,0.69888
1410,2.03096,0.0,2.46662,0.69888
1411,2.03096,0.0,2.46662,0.69888
1412,2.03096,0.0,2.46662,0.69888
1413,2.03096,0.0,2.46662,0.69888
1414,2.03096,0.0,2.46662,0.69888
1415,2.03096,0.0,2.46662,0.69888
1416,2.03096,0.0,2.46662,0.69888
1417,2.03096,0.0,2.46662,0.69888
1418,2.03096,0.0,2.46662,0.69888
1419,2.03096,0.0,2.46662,0.69888
1420,2.03096,0.0,2.46662,0.69888
1421,2.03096,0.0,2.46662,0.69888
1422,2.03096,0.0,2.46662,0.69888
1423,2.03096,0.0,2.46662,0.69888
1424,2.03096,0.0,2.46662,0.69888
1425,2.03096,0.0,2.46662,0.69888
1426,2.03096,0.0,2.46662,0.69888
1427,2.03096,0.0,2.46662,0.69888
1428,2.03096,0.0,2.46662,0.69888
1429,2.03096,0.0,2.46662,0.69888
1430,2.03096,0.0,2.46662,0.69888
1431,2.03096,0.0,2.46662,0.69888
1432,2.03096,0.0,2.46662,0.69888
1433,2.03096,0.0,2.46662,0.69888
1434,2.03096,0.0,2.46662,0.69888
1435,2.03096,0.0,2.46662,0.69888
1436,2.03096,0.0,2.46662,0.69888
1437,2.03096,0.0,2.46662,0.69888
1438,2.03096,0.0,2.46662,0.69888
1439,2.03096,0.0,2.46662,0.69888
1440,2.03096,0.0,2.46662,0.69888
1441,2.03096,0.0,2.46662,0.69888
1442,2.03096,0.0,2.46662,0.69888
1443,2.03096,0.0,2.46662,0.69888
1444,2.03096,0.0,2.46662,0.69888
1445,2.03096,0.0,2.46662,0.69888
1446,2.03096,0.0,2.46662,0.69888
1447,2.03096,0.0,2.46662,0.69888
1448,2.03096,0.0,2.46662,0.69888
1449,2.03096,0.0,2.46662,0.69888
1450,2.03096,0.0,2.46662,0.69888
1451,2.03096,0.0,2.46662,0.69888
1452,2.03096,0.0,2.46662,0.69888
1453,2.03096,0.0,2.46662,0.69888
1454,2.03096,0.0,2.46662,0.69888
1455,2.03096,0.0,2.46662,0.69888
1456,2.03096,0.0,2.46662,0.69888
1457,2.03096,0.0,2.46662,0.69888
1458,2.03096,0.0,2.46662,0.69888
1459,2.03096,0.0,2.46662,0.69888
1460,2.03096,0.0,2.46662,0.69888
1461,2.03096,0.0,2.46662,0.69888
1462,2.03096,0.0,2.46662,0.69888
1463,2.03096,0.0,2.46662,0.69888
1464,2.03096,0.0,2.46662,0.69888
1465,2.03096,0.0,2.46662,0.69888
1466,2.03096,0.0,2.46662,0.69888
1467,2.03096,0.0,2.46662,0.69888
1468,2.03096,0.0,2.46662,0.69888
1469,2.03096,0.0,2.46662,0.69888
1470,2.03096,0.0,2.46662,0.69888
1471,2.03096,0.0,2.46662,0.69888
1472,2.03096,0.0,2.46662,0.69888
1473,2.03096,0.0,2.46662,0.69888
1474,2.03096,0.0,2.46662,0.69888
1475,2.03096,0.0,2.46662,0.69888
1476,2.03096,0.0,2.46662,0.69888
1477,2.03096,0.0,2.46662,0.69888
1478,2.03096,0.0,2.46662,0.69888
1479,2.03096,0.0,2.46662,0.69888
1480,2.03096,0.0,2.46662,0.69888
1481,2.03096,0.0,2.46662,0.69888
1482,2.03096,0.0,2.46662,0.69888
1483,2.03096,0.0,2.46662,0.69888
1484,2.03096,0.0,2.46662,0.69888
1485,2.03096,0.0,2.46662,0.69888
1486,2.03096,0.0,2.46662,0.69888
1487,2.03096,0.0,2.46662,0.69888
1488,2.03096,0.0,2.46662,0.69888
1489,2.03096,0.0,2.46662,0.69888
1490,2.03096,0.0,2.46662,0.69888
1491,2.03096,0.0,2.46662,0.69888
1492,2.03096,0.0,2.46662,0.69888
1493,2.03096,0.0,2.46662,0.69888
1494,2.03096,0.0,2.46662,0.69888
1495,2.03096,0.0,2.46662,0.69888
1496,2.03096,0.0,2.46662,0.69888
1497,2.03096,0.0,2.46662,0.69888
1498,2.03096,0.0,2.46662,0.69888
1499,2.03096,0.0,2.46662,0.69888
1500,2.03096,0.0,2.46662,0.69888
1501,2.03096,0.0,2.46662,0.69888
1502,2.03096,0.0,2.46662,0.69888
1503,2.03096,0.0,2.46662,0.69888
1504,2.03096,0.0,2.46662,0.69888
1505,2.03096,0.0,2.46662,0.69888
1506,2.03096,0.0,2.46662,0.69888
1507,2.03096,0.0,2.46662,0.69888
1508,2.03096,0.0,2.46662,0.69888
1509,2.03096,0.0,2.46662,0.69888
1510,2.03096,0.0,2.46662,0.69888
1511,2.03096,0.0,2.46662,0.69888
1512,2.03096,0.0,2.46662,0.69888
1513,2.03096,0.0,2.46662,0.69888
1514,2.03096,0.0,2.46662,0.69888
1515,2.03096,0.0,2.46662,0.69888
1516,2.03096,0.0,2.46662,0.69888
1517,2.03096,0.0,2.46662,0.69888
1518,2.03096,0.0,2.46662,0.69888
1519,2.03096,0.0,2.46662,0.69888
1520,2.03096,0.0,2.46662,0.69888
1521,2.03096,0.0,2.46662,0.69888
1522,2.03096,0.0,2.46662,0.69888
1523,2.03096,0.0,2.46662,0.69888
1524,2.03096,0.0,2.46662,0.69888
1525,2.03096,0.0,2.46662,0.69888
1526,2.03096,0.0,2.46662,0.69888
1527,2.03096,0.0,2.46662,0.69888
1528,2.03096,0.0,2.46662,0.69888
1529,2.03096,0.0,2.46662,0.69888
1530,2.03096,0.0,2.46662,0.69888
1531,2.03096,0.0,2.46662,0.69888
1532,2.03096,0.0,2.46662,0.69888
1533,2.03096,0.0,2.46662,0.69888
1534,2.03096,0.0,2.46662,0.69888
1535,2.03096,0.0,2.46662,0.69888
1536,2.03096,0.0,2.46662,0.69888
1537,2.03096,0.0,2.46662,0.69888
1538,2.03096,0.0,2.46662,0.69888
1539,2.03096,0.0,2.46662,0.69888
1540,2.03096,0.0,2.46662,0.69888
1541,2.03096,0.0,2.46662,0.69888
1542,2.03096,0.0,2.46662,0.69888
1543,2.03096,0.0,2.46662,0.69888
1544,2.03096,0.0,2.46662,0.69888
1545,2.03096,0.0,2.46662,0.69888
1546,2.03096,0.0,2.46662,0.69888
1547,2.03096,0.0,2.46662,0.69888
1548,2.03096,0.0,2.46662,0.69888
1549,2.03096,0.0,2.46662,0.69888
1550,2.03096,0.0,2.46662,0.69888
1551,2.03096,0.0,2.46662,0.69888
1552,2.03096,0.0,2.46662,0.69888
1553,2.03096,0.0,2.46662,0.69888
1554,2.03096,0.0,2.46662,0.69888
1555,2.03096,0.0,2.46662,0.69888
1556,2.03096,0.0,2.46662,0.69888
1557,2.03096,0.0,2.46662,0.69888
1558,2.03096,0.0,2.46662,0.69888
1559,2.03096,0.0,2.46662,0.69888
1560,2.03096,0.0,2.46662,0.69888
1561,2.03096,0.0,2.46662,0.69888
1562,2.03096,0.0,2.46662,0.69888
1563,2.03096,0.0,2.46662,0.69888
1564,2.03096,0.0,2.46662,0.69888
1565,2.03096,0.0,2.46662,0.69888
1566,2.03096,0.0,2.46662,0.69888
1567,2.03096,0.0,2.46662,0.69888
1568,2.03096,0.0,2.46662,0.69888
1569,2.03096,0.0,2.46662,0.69888
1570,2.03096,0.0,2.46662,0.69888
1571,2.03096,0.0,2.46662,0.69888
1572,2.03096,0.0,2.46662,0.69888
1573,2.03096,0.0,2.46662,0.69888
1574,2.03096,0.0,2.46662,0.69888
1575,2.03096,0.0,2.46662,0.69888
1576,2.03096,0.0,2.46662,0.69888
1577,2.03096,0.0,2.46662,0.69888
1578,2.03096,0.0,2.46662,0.69888
1579,2.03096,0.0,2.46662,0.69888
1580,2.03096,0.0,2.46662,0.69888
1581,2.03096,0.0,2.46662,0.69888
1582,2.03096,0.0,2.46662,0.69888
1583,2.03096,0.0,2.46662,0.69888
1584,2.03096,0.0,2.46662,0.69888
1585,2.03096,0.0,2.46662,0.69888
1586,2.03096,0.0,2.46662,0.69888
1587,2.03096,0.0,2.46662,0.69888
1588,2.03096,0.0,2.46662,0.69888
1589,2.03096,0.0,2.46662,0.69888
1590,2.03096,0.0,2.46662,0.69888
1591,2.03096,0.0,2.46662,0.69888
1592,2.03096,0.0,2.46662,0.69888
1593,2.03096,0.0,2.46662,0.69888
1594,2.03096,0.0,2.46662,0.69888
1595,2.03096,0.0,2.46662,0.69888
1596,2.03096,0.0,2.46662,0.69888
1597,2.03096,0.0,2.46662,0.69888
1598,2.03096,0.0,2.46662,0.69888
1599,2.03096,0.0,2.46662,0.69888
1600,2.03096,0.0,2.46662,0.69888
1601,2.03096,0.0,2.46662,0.69888
1602,2.03096,0.0,2.46662,0.69888
1603,2.03096,0.0,2.46662,0.69888
1604,2.03096,0.0,2.46662,0.69888
1605,2.03096,0.0,2.46662,0.69888
1606,2.03096,0.0,2.46662,0.69888
1607,2.03096,0.0,2.46662,0.69888
1608,2.03096,0.0,2.46662,0.69888
1609,2.03096,0.0,2.46662,0.69888
1610,2.03096,0.0,2.46662,0.69888
1611,2.03096,0.0,2.46662,0.69888
1612,2.03096,0.0,2.46662,0.69888
1613,2.03096,0.0,2.46662,0.69888
1614,2.03096,0.0,2.46662,0.69888
1615,2.03096,0.0,2.46662,0.69888
1616,2.03096,0.0,2.46662,0.69888
1617,2.03096,0.0,2.46662,0.69888
1618,2.03096,0.0,2.46662,0.69888
1619,2.03096,0.0,2.46662,0.69888
1620,2.03096,0.0,2.46662,0.69888
1621,2.03096,0.0,2.46662,0.69888
1622,2.03096,0.0,2.46662,0.69888
1623,2.03096,0.0,2.46662,0.69888
1624,2.03096,0.0,2.46662,0.69888
1625,2.03096,0.0,2.46662,0.69888
1626,2.03096,0.0,2.46662,0.69888
1627,2.03096,0.0,2.46662,0.69888
1628,2.03096,0.0,2.46662,0.69888
1629,2.03096,0.0,2.46662,0.69888
1630,2.03096,0.0,2.46662,0.69888
1631,2.03096,0.0,2.46662,0.69888
1632,2.03096,0.0,2.46662,0.69888
1633,2.03096,0.0,2.46662,0.69888
1634,2.03096,0.0,2.46662,0.69888
1635,2.03096,0.0,2.46662,0.69888
1636,2.03096,0.0,2.46662,0.69888
1637,2.03096,0.0,2.46662,0.69888
1638,2.03096,0.0,2.46662,0.69888
1639,2.03096,0.0,2.46662,0.69888
1640,2.03096,0.0,2.46662,0.69888
1641,2.03096,0.0,2.46662,0.69888
1642,2.03096,0.0,2.46662,0.69888
1643,2.03096,0.0,2.46662,0.69888
1644,2.03096,0.0,2.46662,0.69888
1645,2.03096,0.0,2.46662,0.69888
1646,2.03096,0.0,2.46662,0.69888
1647,2.03096,0.0,2.46662,0.69888
1648,2.03096,0.0,2.46662,0.69888
1649,2.03096,0.0,2.46662,0.69888
1650,2.03096,0.0,2.46662,0.69888
1651,2.03096,0.0,2.46662,0.69888
1652,2.03096,0.0,2.46662,0.69888
1653,2.03096,0.0,2.46662,0.69888
1654,2.03096,0.0,2.46662,0.69888
1655,2.03096,0.0,2.46662,0.69888
1656,2.03096,0.0,2.46662,0.69888
1657,2.03096,0.0,2.46662,0.69888
1658,2.03096,0.0,2.46662,0.69888
1659,2.03096,0.0,2.46662,0.69888
1660,2.03096,0.0,2.46662,0.69888
1661,2.03096,0.0,2.46662,0.69888
1662,2.03096,0.0,2.46662,0.69888
1663,2.03096,0.0,2.46662,0.69888
1664,2.03096,0.0,2.46662,0.69888
1665,2.03096,0.0,2.46662,0.69888
1666,2.03096,0.0,2.46662,0.69888
1667,2.03096,0.0,2.46662,0.69888
1668,2.03096,0.0,2.46662,0.69888
1669,2.03096,0.0,2.46662,0.69888
1670,2.03096,0.0,2.46662,0.69888
1671,2.03096,0.0,2.46662,0.69888
1672,2.03096,0.0,2.46662,0.69888
1673,2.03096,0.0,2.46662,0.69888
1674,2.03096,0.0,2.46662,0.69888
1675,2.03096,0.0,2.46662,0.69888
1676,2.03096,0.0,2.46662,0.69888
1677,2.03096,0.0,2.46662,0.69888
1678,2.03096,0.0,2.46662,0.69888
1679,2.03096,0.0,2.46662,0.69888
1680,2.03096,0.0,2.46662,0.69888
1681,2.03096,0.0,2.46662,0.69888
1682,2.03096,0.0,2.46662,0.69888
1683,2.03096,0.0,2.46662,0.69888
1684,2.03096,0.0,2.46662,0.69888
1685,2.03096,0.0,2.46662,0.69888
1686,2.03096,0.0,2.46662,0.69888
1687,2.03096,0.0,2.46662,0.69888
1688,2.03096,0.0,2.46662,0.69888
1689,2.03096,0.0,2.46662,0.69888
1690,2.03096,0.0,2.46662,0.69888
1691,2.03096,0.0,2.46662,0.69888
1692,2.03096,0.0,2.46662,0.69888
1693,2.03096,0.0,2.46662,0.69888
1694,2.03096,0.0,2.46662,0.69888
1695,2.03096,0.0,2.46662,0.69888
1696,2.03096,0.0,2.46662,0.69888
1697,2.03096,0.0,2.46662,0.69888
1698,2.03096,0.0,2.46662,0.69888
1699,2.03096,0.0,2.46662,0.69888
1700,2.03096,0.0,2.46662,0.69888
1701,2.03096,0.0,2.46662,0.69888
1702,2.03096,0.0,2.46662,0.69888
1703,2.03096,0.0,2.46662,0.69888
1704,2.03096,0.0,2.46662,0.69888
1705,2.03096,0.0,2.46662,0.69888
1706,2.03096,0.0,2.46662,0.69888
1707,2.03096,0.0,2.46662,0.69888
1708,2.03096,0.0,2.46662,0.69888
1709,2.03096,0.0,2.46662,0.69888
1710,2.03096,0.0,2.46662,0.69888
1711,2.03096,0.0,2.46662,0.69888
1712,2.03096,0.0,2.46662,0.69888
1713,2.03096,0.0,2.46662,0.69888
1714,2.03096,0.0,2.46662,0.69888
1715,2.03096,0.0,2.46662,0.69888
1716,2.03096,0.0,2.46662,0.69888
1717,2.03096,0.0,2.46662,0.69888
1718,2.03096,0.0,2.46662,0.69888
1719,2.03096,0.0,2.46662,0.69888
1720,2.03096,0.0,2.46662,0.69888
1721,2.03096,0.0,2.46662,0.69888
1722,2.03096,0.0,2.46662,0.69888
1723,2.03096,0.0,2.46662,0.69888
1724,2.03096,0.0,2.46662,0.69888
1725,2.03096,0.0,2.46662,0.69888
1726,2.03096,0.0,2.46662,0.69888
1727,2.03096,0.0,2.46662,0.69888
1728,2.03096,0.0,2.46662,0.69888
1729,2.03096,0.0,2.46662,0.69888
1730,2.03096,0.0,2.46662,0.69888
1731,2.03096,0.0,2.46662,0.69888
1732,2.03096,0.0,2.46662,0.69888
1733,2.03096,0.0,2.46662,0.69888
1734,2.03096,0.0,2.46662,0.69888
1735,2.03096,0.0,2.46662,0.69888
1736,2.03096,0.0,2.46662,0.69888
1737,2.03096,0.0,2.46662,0.69888
1738,2.03096,0.0,2.46662,0.69888
1739,2.03096,0.0,2.46662,0.69888
1740,2.03096,0.0,2.46662,0.69888
1741,2.03096,0.0,2.46662,0.69888
1742,2.03096,0.0,2.46662,0.69888
1743,2.03096,0.0,2.46662,0.69888
1744,2.03096,0.0,2.46662,0.69888
1745,2.03096,0.0,2.46662,0.69888
1746,2.03096,0.0,2.46662,0.69888
1747,2.03096,0.0,2.46662,0.69888
1748,2.03096,0.0,2.46662,0.69888
1749,2.03096,0.0,2.46662,0.69888
1750,2.03096,0.0,2.46662,0.69888
1751,2.03096,0.0,2.46662,0.69888
1752,2.03096,0.0,2.46662,0.69888
1753,2.03096,0.0,2.46662,0.69888
1754,2.03096,0.0,2.46662,0.69888
1755,2.03096,0.0,2.46662,0.69888
1756,2.03096,0.0,2.46662,0.69888
1757,2.03096,0.0,2.46662,0.69888
1758,2.03096,0.0,2.46662,0.69888
1759,2.03096,0.0,2.46662,0.69888
1760,2.03096,0.0,2.46662,0.69888
1761,2.03096,0.0,2.46662,0.69888
1762,2.03096,0.0,2.46662,0.69888
1763,2.03096,0.0,2.46662,0.69888
1764,2.03096,0.0,2.46662,0.69888
1765,2.03096,0.0,2.46662,0.69888
1766,2.03096,0.0,2.46662,0.69888
1767,2.03096,0.0,2.46662,0.69888
1768,2.03096,0.0,2.46662,0.69888
1769,2.03096,0.0,2.46662,0.69888
1770,2.03096,0.0,2.46662,0.69888
1771,2.03096,0.0,2.46662,0.69888
1772,2.03096,0.0,2.46662,0.69888
1773,2.03096,0.0,2.46662,0.69888
1774,2.03096,0.0,2.46662,0.69888
1775,2.03096,0.0,2.46662,0.69888
1776,2.03096,0.0,2.46662,0.69888
1777,2.03096,0.0,2.46662,0.69888
1778,2.03096,0.0,2.46662,0.69888
1779,2.03096,0.0,2.46662,0.69888
1780,2.03096,0.0,2.46662,0.69888
1781,2.03096,0.0,2.46662,0.69888
1782,2.03096,0.0,2.46662,0.69888
1783,2.03096,0.0,2.46662,0.69888
1784,2.03096,0.0,2.46662,0.69888
1785,2.03096,0.0,2.46662,0.69888
1786,2.03096,0.0,2.46662,0.69888
1787,2.03096,0.0,2.46662,0.69888
1788,2.03096,0.0,2.46662,0.69888
1789,2.03096,0.0,2.46662,0.69888
1790,2.03096,0.0,2.46662,0.69888
1791,2.03096,0.0,2.46662,0.69888
1792,2.03096,0.0,2.46662,0.69888
1793,2.03096,0.0,2.46662,0.69888
1794,2.03096,0.0,2.46662,0.69888
1795,2.03096,0.0,2.46662,0.69888
1796,2.03096,0.0,2.46662,0.69888
1797,2.03096,0.0,2.46662,0.69888
1798,2.03096,0.0,2.46662,0.69888
1799,2.03096,0.0,2.46662,0.69888
1800,2.03096,0.0,2.46662,0.69888
1801,2.03096,0.0,2.46662,0.69888
1802,2.03096,0.0,2.46662,0.69888
1803,2.03096,0.0,2.46662,0.69888
1804,2.03096,0.0,2.46662,0.69888
1805,2.03096,0.0,2.46662,0.69888
1806,2.03096,0.0,2.46662,0.69888
1807,2.03096,0.0,2.46662,0.69888
1808,2.03096,0.0,2.46662,0.69888
1809,2.03096,0.0,2.46662,0.69888
1810,2.03096,0.0,2.46662,0.69888
1811,2.03096,0.0,2.46662,0.69888
1812,2.03096,0.0,2.46662,0.69888
1813,2.03096,0.0,2.46662,0.69888
1814,2.03096,0.0,2.46662,0.69888
1815,2.03096,0.0,2.46662,0.69888
1816,2.03096,0.0,2.46662,0.69888
1817,2.03096,0.0,2.46662,0.69888
1818,2.03096,0.0,2.46662,0.69888
1819,2.03096,0.0,2.46662,0.69888
1820,2.03096,0.0,2.46662,0.69888
1821,2.03096,0.0,2.46662,0.69888
1822,2.03096,0.0,2.46662,0.69888
1823,2.03096,0.0,2.46662,0.69888
1824,2.03096,0.0,2.46662,0.69888
1825,2.03096,0.0,2.46662,0.69888
1826,2.03096,0.0,2.46662,0.69888
1827,2.03096,0.0,2.46662,0.69888
1828,2.03096,0.0,2.46662,0.69888
1829,2.03096,0.0,2.46662,0.69888
1830,2.03096,0.0,2.46662,0.69888
1831,2.03096,0.0,2.46662,0.69888
1832,2.03096,0.0,2.46662,0.69888
1833,2.03096,0.0,2.46662,0.69888
1834,2.03096,0.0,2.46662,0.69888
1835,2.03096,0.0,2.46662,0.69888
1836,2.03096,0.0,2.46662,0.69888
1837,2.03096,0.0,2.46662,0.69888
1838,2.03096,0.0,2.46662,0.69888
1839,2.03096,0.0,2.46662,0.69888
1840,2.03096,0.0,2.46662,0.69888
1841,2.03096,0.0,2.46662,0.69888
1842,2.03096,0.0,2.46662,0.69888
1843,2.03096,0.0,2.46662,0.69888
1844,2.03096,0.0,2.46662,0.69888
1845,2.03096,0.0,2.46662,0.69888
1846,2.03096,0.0,2.46662,0.69888
1847,2.03096,0.0,2.46662,0.69888
1848,2.03096,0.0,2.46662,0.69888
