Column1,Unnamed: 0.1.1.1.1.1,Voll,Demand_Segment,Cost_of_Demand_Curtailment_per_MW,Max_Demand_Curtailment,Rep_Periods,Timesteps_per_Rep_Period,Sub_Weights,Time_Index,Load_MW_z1
0,0,50000,1,1,1,11,168,168.46153846153848,1,37635.57
1,1,,,,,,,168.46153846153848,2,37815.57
2,2,,,,,,,168.46153846153848,3,37857.57
3,3,,,,,,,2190.0,4,37982.57
4,4,,,,,,,168.46153846153848,5,38460.57
5,5,,,,,,,168.46153846153848,6,39403.57
6,6,,,,,,,168.46153846153848,7,40502.57
7,7,,,,,,,2695.3846153846157,8,41035.57
8,8,,,,,,,1347.6923076923078,9,41556.57
9,9,,,,,,,1347.6923076923078,10,42380.57
10,10,,,,,,,168.46153846153848,11,42872.57
11,11,,,,,,,,12,42920.57
12,12,,,,,,,,13,42497.57
13,13,,,,,,,,14,41987.57
14,14,,,,,,,,15,41597.57
15,15,,,,,,,,16,41622.57
16,16,,,,,,,,17,42460.57
17,17,,,,,,,,18,44705.57
18,18,,,,,,,,19,46065.57
19,19,,,,,,,,20,45909.57
20,20,,,,,,,,21,45502.57
21,21,,,,,,,,22,44546.57
22,22,,,,,,,,23,42828.57
23,23,,,,,,,,24,41094.57
24,24,,,,,,,,25,39829.57
25,25,,,,,,,,26,39151.57
26,26,,,,,,,,27,39006.57
27,27,,,,,,,,28,39408.57
28,28,,,,,,,,29,40666.57
29,29,,,,,,,,30,43111.57
30,30,,,,,,,,31,45963.57
31,31,,,,,,,,32,48112.57
32,32,,,,,,,,33,49254.57
33,33,,,,,,,,34,50401.57
34,34,,,,,,,,35,51417.57
35,35,,,,,,,,36,51999.57
36,36,,,,,,,,37,52159.57
37,37,,,,,,,,38,52200.57
38,38,,,,,,,,39,52006.57
39,39,,,,,,,,40,51890.57
40,40,,,,,,,,41,52125.57
41,41,,,,,,,,42,53479.57
42,42,,,,,,,,43,54047.57
43,43,,,,,,,,44,53066.57
44,44,,,,,,,,45,51783.57
45,45,,,,,,,,46,49909.57
46,46,,,,,,,,47,47309.57
47,47,,,,,,,,48,44937.57
48,48,,,,,,,,49,43096.57
49,49,,,,,,,,50,42057.57
50,50,,,,,,,,51,41668.57
51,51,,,,,,,,52,41626.57
52,52,,,,,,,,53,42619.57
53,53,,,,,,,,54,44671.57
54,54,,,,,,,,55,47252.57
55,55,,,,,,,,56,48958.57
56,56,,,,,,,,57,49393.57
57,57,,,,,,,,58,49607.57
58,58,,,,,,,,59,49739.57
59,59,,,,,,,,60,49247.57
60,60,,,,,,,,61,48185.57
61,61,,,,,,,,62,46989.57
62,62,,,,,,,,63,45878.57
63,63,,,,,,,,64,45183.57
64,64,,,,,,,,65,45429.57
65,65,,,,,,,,66,47192.57
66,66,,,,,,,,67,49303.57
67,67,,,,,,,,68,49524.57
68,68,,,,,,,,69,49355.57
69,69,,,,,,,,70,48461.57
70,70,,,,,,,,71,46693.57
71,71,,,,,,,,72,44840.57
72,72,,,,,,,,73,43696.57
73,73,,,,,,,,74,43142.57
74,74,,,,,,,,75,42992.57
75,75,,,,,,,,76,43361.57
76,76,,,,,,,,77,44346.57
77,77,,,,,,,,78,46692.57
78,78,,,,,,,,79,49534.57
79,79,,,,,,,,80,50889.57
80,80,,,,,,,,81,50009.57
81,81,,,,,,,,82,47798.57
82,82,,,,,,,,83,45706.57
83,83,,,,,,,,84,43492.57
84,84,,,,,,,,85,41343.57
85,85,,,,,,,,86,39775.57
86,86,,,,,,,,87,38518.57
87,87,,,,,,,,88,37610.57
88,88,,,,,,,,89,37299.57
89,89,,,,,,,,90,38520.57
90,90,,,,,,,,91,40745.57
91,91,,,,,,,,92,41124.57
92,92,,,,,,,,93,41321.57
93,93,,,,,,,,94,41173.57
94,94,,,,,,,,95,40367.57
95,95,,,,,,,,96,39211.57
96,96,,,,,,,,97,38366.57
97,97,,,,,,,,98,38060.57
98,98,,,,,,,,99,38128.57
99,99,,,,,,,,100,38622.57
100,100,,,,,,,,101,39504.57
101,101,,,,,,,,102,40997.57
102,102,,,,,,,,103,42938.57
103,103,,,,,,,,104,44543.57
104,104,,,,,,,,105,44505.57
105,105,,,,,,,,106,42629.57
106,106,,,,,,,,107,40415.57
107,107,,,,,,,,108,38342.57
108,108,,,,,,,,109,36734.57
109,109,,,,,,,,110,35618.57
110,110,,,,,,,,111,34887.57
111,111,,,,,,,,112,34481.57
112,112,,,,,,,,113,34405.57
113,113,,,,,,,,114,35342.57
114,114,,,,,,,,115,37204.57
115,115,,,,,,,,116,37234.57
116,116,,,,,,,,117,36837.57
117,117,,,,,,,,118,36602.57
118,118,,,,,,,,119,35864.57
119,119,,,,,,,,120,35036.57
120,120,,,,,,,,121,34004.57
121,121,,,,,,,,122,33411.57
122,122,,,,,,,,123,33192.57
123,123,,,,,,,,124,33344.57
124,124,,,,,,,,125,33874.57
125,125,,,,,,,,126,34811.57
126,126,,,,,,,,127,36202.57
127,127,,,,,,,,128,37287.57
128,128,,,,,,,,129,37919.57
129,129,,,,,,,,130,37541.57
130,130,,,,,,,,131,36630.57
131,131,,,,,,,,132,36000.57
132,132,,,,,,,,133,35506.57
133,133,,,,,,,,134,35183.57
134,134,,,,,,,,135,34807.57
135,135,,,,,,,,136,34701.57
136,136,,,,,,,,137,34915.57
137,137,,,,,,,,138,36010.57
138,138,,,,,,,,139,37845.57
139,139,,,,,,,,140,37819.57
140,140,,,,,,,,141,37126.57
141,141,,,,,,,,142,35934.57
142,142,,,,,,,,143,34037.57
143,143,,,,,,,,144,31924.57
144,144,,,,,,,,145,30411.57
145,145,,,,,,,,146,29334.57
146,146,,,,,,,,147,28950.57
147,147,,,,,,,,148,28888.57
148,148,,,,,,,,149,29684.57
149,149,,,,,,,,150,31647.57
150,150,,,,,,,,151,34681.57
151,151,,,,,,,,152,36143.57
152,152,,,,,,,,153,36379.57
153,153,,,,,,,,154,36755.57
154,154,,,,,,,,155,37271.57
155,155,,,,,,,,156,37511.57
156,156,,,,,,,,157,37684.57
157,157,,,,,,,,158,37959.57
158,158,,,,,,,,159,37974.57
159,159,,,,,,,,160,37812.57
160,160,,,,,,,,161,37594.57
161,161,,,,,,,,162,38237.57
162,162,,,,,,,,163,39918.57
163,163,,,,,,,,164,39616.57
164,164,,,,,,,,165,38670.57
165,165,,,,,,,,166,37240.57
166,166,,,,,,,,167,35014.57
167,167,,,,,,,,168,32677.57
168,168,,,,,,,,169,51498.57
169,169,,,,,,,,170,51337.57
170,170,,,,,,,,171,51621.57
171,171,,,,,,,,172,52315.57
172,172,,,,,,,,173,53960.57
173,173,,,,,,,,174,57153.57
174,174,,,,,,,,175,61163.57
175,175,,,,,,,,176,61519.57
176,176,,,,,,,,177,59246.57
177,177,,,,,,,,178,56963.57
178,178,,,,,,,,179,54674.57
179,179,,,,,,,,180,52253.57
180,180,,,,,,,,181,49714.57
181,181,,,,,,,,182,47531.57
182,182,,,,,,,,183,45461.57
183,183,,,,,,,,184,44318.57
184,184,,,,,,,,185,44291.57
185,185,,,,,,,,186,45558.57
186,186,,,,,,,,187,48619.57
187,187,,,,,,,,188,51156.57
188,188,,,,,,,,189,51582.57
189,189,,,,,,,,190,50845.57
190,190,,,,,,,,191,48903.57
191,191,,,,,,,,192,47359.57
192,192,,,,,,,,193,46610.57
193,193,,,,,,,,194,46552.57
194,194,,,,,,,,195,46967.57
195,195,,,,,,,,196,47800.57
196,196,,,,,,,,197,49459.57
197,197,,,,,,,,198,52728.57
198,198,,,,,,,,199,57022.57
199,199,,,,,,,,200,56761.57
200,200,,,,,,,,201,53149.57
201,201,,,,,,,,202,50191.57
202,202,,,,,,,,203,47776.57
203,203,,,,,,,,204,45525.57
204,204,,,,,,,,205,43409.57
205,205,,,,,,,,206,42004.57
206,206,,,,,,,,207,40670.57
207,207,,,,,,,,208,40037.57
208,208,,,,,,,,209,40353.57
209,209,,,,,,,,210,41369.57
210,210,,,,,,,,211,43610.57
211,211,,,,,,,,212,45072.57
212,212,,,,,,,,213,45032.57
213,213,,,,,,,,214,43839.57
214,214,,,,,,,,215,41356.57
215,215,,,,,,,,216,39052.57
216,216,,,,,,,,217,37492.57
217,217,,,,,,,,218,36714.57
218,218,,,,,,,,219,36308.57
219,219,,,,,,,,220,36301.57
220,220,,,,,,,,221,37128.57
221,221,,,,,,,,222,39496.57
222,222,,,,,,,,223,43103.57
223,223,,,,,,,,224,43562.57
224,224,,,,,,,,225,42535.57
225,225,,,,,,,,226,41646.57
226,226,,,,,,,,227,40569.57
227,227,,,,,,,,228,39348.57
228,228,,,,,,,,229,38307.57
229,229,,,,,,,,230,37639.57
230,230,,,,,,,,231,37324.57
231,231,,,,,,,,232,37231.57
232,232,,,,,,,,233,37375.57
233,233,,,,,,,,234,37791.57
234,234,,,,,,,,235,39079.57
235,235,,,,,,,,236,39949.57
236,236,,,,,,,,237,39439.57
237,237,,,,,,,,238,38052.57
238,238,,,,,,,,239,35806.57
239,239,,,,,,,,240,33432.57
240,240,,,,,,,,241,31777.57
241,241,,,,,,,,242,30764.57
242,242,,,,,,,,243,30336.57
243,243,,,,,,,,244,30116.57
244,244,,,,,,,,245,30616.57
245,245,,,,,,,,246,32659.57
246,246,,,,,,,,247,36050.57
247,247,,,,,,,,248,37333.57
248,248,,,,,,,,249,37649.57
249,249,,,,,,,,250,38092.57
250,250,,,,,,,,251,38518.57
251,251,,,,,,,,252,38766.57
252,252,,,,,,,,253,38958.57
253,253,,,,,,,,254,39592.57
254,254,,,,,,,,255,40015.57
255,255,,,,,,,,256,40103.57
256,256,,,,,,,,257,39965.57
257,257,,,,,,,,258,39810.57
258,258,,,,,,,,259,40300.57
259,259,,,,,,,,260,40672.57
260,260,,,,,,,,261,39947.57
261,261,,,,,,,,262,38807.57
262,262,,,,,,,,263,37013.57
263,263,,,,,,,,264,35048.57
264,264,,,,,,,,265,33192.57
265,265,,,,,,,,266,32012.57
266,266,,,,,,,,267,31145.57
267,267,,,,,,,,268,30703.57
268,268,,,,,,,,269,30678.57
269,269,,,,,,,,270,31113.57
270,270,,,,,,,,271,32281.57
271,271,,,,,,,,272,33292.57
272,272,,,,,,,,273,35196.57
273,273,,,,,,,,274,37048.57
274,274,,,,,,,,275,38557.57
275,275,,,,,,,,276,39278.57
276,276,,,,,,,,277,39600.57
277,277,,,,,,,,278,39886.57
278,278,,,,,,,,279,40033.57
279,279,,,,,,,,280,40372.57
280,280,,,,,,,,281,40432.57
281,281,,,,,,,,282,39861.57
282,282,,,,,,,,283,39500.57
283,283,,,,,,,,284,39525.57
284,284,,,,,,,,285,38238.57
285,285,,,,,,,,286,36891.57
286,286,,,,,,,,287,35223.57
287,287,,,,,,,,288,33365.57
288,288,,,,,,,,289,31843.57
289,289,,,,,,,,290,30765.57
290,290,,,,,,,,291,30090.57
291,291,,,,,,,,292,29844.57
292,292,,,,,,,,293,30125.57
293,293,,,,,,,,294,30893.57
294,294,,,,,,,,295,31934.57
295,295,,,,,,,,296,33025.57
296,296,,,,,,,,297,34572.57
297,297,,,,,,,,298,35973.57
298,298,,,,,,,,299,36938.57
299,299,,,,,,,,300,37551.57
300,300,,,,,,,,301,37974.57
301,301,,,,,,,,302,38136.57
302,302,,,,,,,,303,38263.57
303,303,,,,,,,,304,38536.57
304,304,,,,,,,,305,38692.57
305,305,,,,,,,,306,38745.57
306,306,,,,,,,,307,39629.57
307,307,,,,,,,,308,40197.57
308,308,,,,,,,,309,39274.57
309,309,,,,,,,,310,37495.57
310,310,,,,,,,,311,35261.57
311,311,,,,,,,,312,33304.57
312,312,,,,,,,,313,32045.57
313,313,,,,,,,,314,31292.57
314,314,,,,,,,,315,31107.57
315,315,,,,,,,,316,31652.57
316,316,,,,,,,,317,33222.57
317,317,,,,,,,,318,35713.57
318,318,,,,,,,,319,37565.57
319,319,,,,,,,,320,38094.57
320,320,,,,,,,,321,38792.57
321,321,,,,,,,,322,39770.57
322,322,,,,,,,,323,40368.57
323,323,,,,,,,,324,40747.57
324,324,,,,,,,,325,41052.57
325,325,,,,,,,,326,40912.57
326,326,,,,,,,,327,40771.57
327,327,,,,,,,,328,40661.57
328,328,,,,,,,,329,40452.57
329,329,,,,,,,,330,40288.57
330,330,,,,,,,,331,40779.57
331,331,,,,,,,,332,40843.57
332,332,,,,,,,,333,39545.57
333,333,,,,,,,,334,37524.57
334,334,,,,,,,,335,34979.57
335,335,,,,,,,,336,33005.57
336,336,,,,,,,,337,33877.57
337,337,,,,,,,,338,33981.57
338,338,,,,,,,,339,34447.57
339,339,,,,,,,,340,35739.57
340,340,,,,,,,,341,38697.57
341,341,,,,,,,,342,43371.57
342,342,,,,,,,,343,44910.57
343,343,,,,,,,,344,43342.57
344,344,,,,,,,,345,41518.57
345,345,,,,,,,,346,39939.57
346,346,,,,,,,,347,38495.57
347,347,,,,,,,,348,37393.57
348,348,,,,,,,,349,36969.57
349,349,,,,,,,,350,36626.57
350,350,,,,,,,,351,36427.57
351,351,,,,,,,,352,36670.57
352,352,,,,,,,,353,36781.57
353,353,,,,,,,,354,36664.57
354,354,,,,,,,,355,37133.57
355,355,,,,,,,,356,38511.57
356,356,,,,,,,,357,37550.57
357,357,,,,,,,,358,35160.57
358,358,,,,,,,,359,32610.57
359,359,,,,,,,,360,30911.57
360,360,,,,,,,,361,30112.57
361,361,,,,,,,,362,29808.57
362,362,,,,,,,,363,29911.57
363,363,,,,,,,,364,30735.57
364,364,,,,,,,,365,33014.57
365,365,,,,,,,,366,36829.57
366,366,,,,,,,,367,38394.57
367,367,,,,,,,,368,37918.57
368,368,,,,,,,,369,37689.57
369,369,,,,,,,,370,37737.57
370,370,,,,,,,,371,37662.57
371,371,,,,,,,,372,37423.57
372,372,,,,,,,,373,37314.57
373,373,,,,,,,,374,37260.57
374,374,,,,,,,,375,37216.57
375,375,,,,,,,,376,37453.57
376,376,,,,,,,,377,37636.57
377,377,,,,,,,,378,37817.57
378,378,,,,,,,,379,38363.57
379,379,,,,,,,,380,39137.57
380,380,,,,,,,,381,38033.57
381,381,,,,,,,,382,35626.57
382,382,,,,,,,,383,33132.57
383,383,,,,,,,,384,31237.57
384,384,,,,,,,,385,30137.57
385,385,,,,,,,,386,29433.57
386,386,,,,,,,,387,29205.57
387,387,,,,,,,,388,29685.57
388,388,,,,,,,,389,31686.57
389,389,,,,,,,,390,35165.57
390,390,,,,,,,,391,36824.57
391,391,,,,,,,,392,36872.57
392,392,,,,,,,,393,37527.57
393,393,,,,,,,,394,38311.57
394,394,,,,,,,,395,39076.57
395,395,,,,,,,,396,39857.57
396,396,,,,,,,,397,40947.57
397,397,,,,,,,,398,42040.57
398,398,,,,,,,,399,43149.57
399,399,,,,,,,,400,44421.57
400,400,,,,,,,,401,44946.57
401,401,,,,,,,,402,44581.57
402,402,,,,,,,,403,43902.57
403,403,,,,,,,,404,44142.57
404,404,,,,,,,,405,42344.57
405,405,,,,,,,,406,39165.57
406,406,,,,,,,,407,35816.57
407,407,,,,,,,,408,33214.57
408,408,,,,,,,,409,31621.57
409,409,,,,,,,,410,30523.57
410,410,,,,,,,,411,30192.57
411,411,,,,,,,,412,30570.57
412,412,,,,,,,,413,32318.57
413,413,,,,,,,,414,35552.57
414,414,,,,,,,,415,36847.57
415,415,,,,,,,,416,37009.57
416,416,,,,,,,,417,37661.57
417,417,,,,,,,,418,38426.57
418,418,,,,,,,,419,39271.57
419,419,,,,,,,,420,40050.57
420,420,,,,,,,,421,41103.57
421,421,,,,,,,,422,42056.57
422,422,,,,,,,,423,43135.57
423,423,,,,,,,,424,44024.57
424,424,,,,,,,,425,43911.57
425,425,,,,,,,,426,42843.57
426,426,,,,,,,,427,41724.57
427,427,,,,,,,,428,41767.57
428,428,,,,,,,,429,40626.57
429,429,,,,,,,,430,38641.57
430,430,,,,,,,,431,36236.57
431,431,,,,,,,,432,34004.57
432,432,,,,,,,,433,32346.57
433,433,,,,,,,,434,31205.57
434,434,,,,,,,,435,30448.57
435,435,,,,,,,,436,30185.57
436,436,,,,,,,,437,30631.57
437,437,,,,,,,,438,31738.57
438,438,,,,,,,,439,32963.57
439,439,,,,,,,,440,34571.57
440,440,,,,,,,,441,36140.57
441,441,,,,,,,,442,37520.57
442,442,,,,,,,,443,38090.57
443,443,,,,,,,,444,38474.57
444,444,,,,,,,,445,38779.57
445,445,,,,,,,,446,39358.57
446,446,,,,,,,,447,39972.57
447,447,,,,,,,,448,40401.57
448,448,,,,,,,,449,40397.57
449,449,,,,,,,,450,39847.57
450,450,,,,,,,,451,39309.57
451,451,,,,,,,,452,39667.57
452,452,,,,,,,,453,38734.57
453,453,,,,,,,,454,37267.57
454,454,,,,,,,,455,35339.57
455,455,,,,,,,,456,33347.57
456,456,,,,,,,,457,31895.57
457,457,,,,,,,,458,30782.57
458,458,,,,,,,,459,30196.57
459,459,,,,,,,,460,30028.57
460,460,,,,,,,,461,30187.57
461,461,,,,,,,,462,30652.57
462,462,,,,,,,,463,31163.57
463,463,,,,,,,,464,32521.57
464,464,,,,,,,,465,33999.57
465,465,,,,,,,,466,35133.57
466,466,,,,,,,,467,35875.57
467,467,,,,,,,,468,36224.57
468,468,,,,,,,,469,36122.57
469,469,,,,,,,,470,36085.57
470,470,,,,,,,,471,36416.57
471,471,,,,,,,,472,36836.57
472,472,,,,,,,,473,37403.57
473,473,,,,,,,,474,37597.57
474,474,,,,,,,,475,37823.57
475,475,,,,,,,,476,38478.57
476,476,,,,,,,,477,37382.57
477,477,,,,,,,,478,34963.57
478,478,,,,,,,,479,32130.57
479,479,,,,,,,,480,30131.57
480,480,,,,,,,,481,28806.57
481,481,,,,,,,,482,28200.57
482,482,,,,,,,,483,28041.57
483,483,,,,,,,,484,28667.57
484,484,,,,,,,,485,30663.57
485,485,,,,,,,,486,34082.57
486,486,,,,,,,,487,35525.57
487,487,,,,,,,,488,35825.57
488,488,,,,,,,,489,36647.57
489,489,,,,,,,,490,37729.57
490,490,,,,,,,,491,38787.57
491,491,,,,,,,,492,39957.57
492,492,,,,,,,,493,41534.57
493,493,,,,,,,,494,43021.57
494,494,,,,,,,,495,44391.57
495,495,,,,,,,,496,45733.57
496,496,,,,,,,,497,46348.57
497,497,,,,,,,,498,46157.57
498,498,,,,,,,,499,45104.57
499,499,,,,,,,,500,44717.57
500,500,,,,,,,,501,42380.57
501,501,,,,,,,,502,38637.57
502,502,,,,,,,,503,35127.57
503,503,,,,,,,,504,32372.57
504,504,,,,,,,,505,32499.57
505,505,,,,,,,,506,31381.57
506,506,,,,,,,,507,30837.57
507,507,,,,,,,,508,31017.57
508,508,,,,,,,,509,32518.57
509,509,,,,,,,,510,35290.57
510,510,,,,,,,,511,36702.57
511,511,,,,,,,,512,38033.57
512,512,,,,,,,,513,39852.57
513,513,,,,,,,,514,41991.57
514,514,,,,,,,,515,44184.57
515,515,,,,,,,,516,45973.57
516,516,,,,,,,,517,47576.57
517,517,,,,,,,,518,49068.57
518,518,,,,,,,,519,50254.57
519,519,,,,,,,,520,51051.57
520,520,,,,,,,,521,51267.57
521,521,,,,,,,,522,50326.57
522,522,,,,,,,,523,48781.57
523,523,,,,,,,,524,47881.57
524,524,,,,,,,,525,46204.57
525,525,,,,,,,,526,42581.57
526,526,,,,,,,,527,38674.57
527,527,,,,,,,,528,35649.57
528,528,,,,,,,,529,33668.57
529,529,,,,,,,,530,32526.57
530,530,,,,,,,,531,31848.57
531,531,,,,,,,,532,31873.57
532,532,,,,,,,,533,33386.57
533,533,,,,,,,,534,36111.57
534,534,,,,,,,,535,37465.57
535,535,,,,,,,,536,38880.57
536,536,,,,,,,,537,41040.57
537,537,,,,,,,,538,43286.57
538,538,,,,,,,,539,45654.57
539,539,,,,,,,,540,47796.57
540,540,,,,,,,,541,49926.57
541,541,,,,,,,,542,51766.57
542,542,,,,,,,,543,53272.57
543,543,,,,,,,,544,54519.57
544,544,,,,,,,,545,54704.57
545,545,,,,,,,,546,53484.57
546,546,,,,,,,,547,51307.57
547,547,,,,,,,,548,49829.57
548,548,,,,,,,,549,48028.57
549,549,,,,,,,,550,44187.57
550,550,,,,,,,,551,40017.57
551,551,,,,,,,,552,36755.57
552,552,,,,,,,,553,34559.57
553,553,,,,,,,,554,33182.57
554,554,,,,,,,,555,32309.57
555,555,,,,,,,,556,32380.57
556,556,,,,,,,,557,33962.57
557,557,,,,,,,,558,36796.57
558,558,,,,,,,,559,38154.57
559,559,,,,,,,,560,39783.57
560,560,,,,,,,,561,41904.57
561,561,,,,,,,,562,44447.57
562,562,,,,,,,,563,46843.57
563,563,,,,,,,,564,49213.57
564,564,,,,,,,,565,51549.57
565,565,,,,,,,,566,53300.57
566,566,,,,,,,,567,54627.57
567,567,,,,,,,,568,55629.57
568,568,,,,,,,,569,55477.57
569,569,,,,,,,,570,54202.57
570,570,,,,,,,,571,51988.57
571,571,,,,,,,,572,50609.57
572,572,,,,,,,,573,48920.57
573,573,,,,,,,,574,45298.57
574,574,,,,,,,,575,41404.57
575,575,,,,,,,,576,38353.57
576,576,,,,,,,,577,36271.57
577,577,,,,,,,,578,34900.57
578,578,,,,,,,,579,34120.57
579,579,,,,,,,,580,34262.57
580,580,,,,,,,,581,35759.57
581,581,,,,,,,,582,38592.57
582,582,,,,,,,,583,39927.57
583,583,,,,,,,,584,41224.57
584,584,,,,,,,,585,43180.57
585,585,,,,,,,,586,45505.57
586,586,,,,,,,,587,47917.57
587,587,,,,,,,,588,49839.57
588,588,,,,,,,,589,51989.57
589,589,,,,,,,,590,54010.57
590,590,,,,,,,,591,55256.57
591,591,,,,,,,,592,56079.57
592,592,,,,,,,,593,55788.57
593,593,,,,,,,,594,54035.57
594,594,,,,,,,,595,51789.57
595,595,,,,,,,,596,50936.57
596,596,,,,,,,,597,49798.57
597,597,,,,,,,,598,47447.57
598,598,,,,,,,,599,44513.57
599,599,,,,,,,,600,41760.57
600,600,,,,,,,,601,39630.57
601,601,,,,,,,,602,38313.57
602,602,,,,,,,,603,37277.57
603,603,,,,,,,,604,36756.57
604,604,,,,,,,,605,36867.57
605,605,,,,,,,,606,37395.57
606,606,,,,,,,,607,38448.57
607,607,,,,,,,,608,40396.57
608,608,,,,,,,,609,42668.57
609,609,,,,,,,,610,44483.57
610,610,,,,,,,,611,45908.57
611,611,,,,,,,,612,46432.57
612,612,,,,,,,,613,46440.57
613,613,,,,,,,,614,46255.57
614,614,,,,,,,,615,46353.57
615,615,,,,,,,,616,46475.57
616,616,,,,,,,,617,46081.57
617,617,,,,,,,,618,45812.57
618,618,,,,,,,,619,45230.57
619,619,,,,,,,,620,45264.57
620,620,,,,,,,,621,44801.57
621,621,,,,,,,,622,43024.57
622,622,,,,,,,,623,40869.57
623,623,,,,,,,,624,38613.57
624,624,,,,,,,,625,36983.57
625,625,,,,,,,,626,35833.57
626,626,,,,,,,,627,35136.57
627,627,,,,,,,,628,34796.57
628,628,,,,,,,,629,34667.57
629,629,,,,,,,,630,34725.57
630,630,,,,,,,,631,35399.57
631,631,,,,,,,,632,37922.57
632,632,,,,,,,,633,40825.57
633,633,,,,,,,,634,43685.57
634,634,,,,,,,,635,46424.57
635,635,,,,,,,,636,48931.57
636,636,,,,,,,,637,51199.57
637,637,,,,,,,,638,53208.57
638,638,,,,,,,,639,54696.57
639,639,,,,,,,,640,55869.57
640,640,,,,,,,,641,56239.57
641,641,,,,,,,,642,55406.57
642,642,,,,,,,,643,53651.57
643,643,,,,,,,,644,52230.57
644,644,,,,,,,,645,50697.57
645,645,,,,,,,,646,47632.57
646,646,,,,,,,,647,43871.57
647,647,,,,,,,,648,40787.57
648,648,,,,,,,,649,38764.57
649,649,,,,,,,,650,37695.57
650,650,,,,,,,,651,37244.57
651,651,,,,,,,,652,37670.57
652,652,,,,,,,,653,39572.57
653,653,,,,,,,,654,42545.57
654,654,,,,,,,,655,43979.57
655,655,,,,,,,,656,45289.57
656,656,,,,,,,,657,47506.57
657,657,,,,,,,,658,49934.57
658,658,,,,,,,,659,52086.57
659,659,,,,,,,,660,54084.57
660,660,,,,,,,,661,56191.57
661,661,,,,,,,,662,57731.57
662,662,,,,,,,,663,58722.57
663,663,,,,,,,,664,59531.57
664,664,,,,,,,,665,59232.57
665,665,,,,,,,,666,57655.57
666,666,,,,,,,,667,55476.57
667,667,,,,,,,,668,54554.57
668,668,,,,,,,,669,52777.57
669,669,,,,,,,,670,49111.57
670,670,,,,,,,,671,45324.57
671,671,,,,,,,,672,42316.57
672,672,,,,,,,,673,42608.57
673,673,,,,,,,,674,40987.57
674,674,,,,,,,,675,40142.57
675,675,,,,,,,,676,40076.57
676,676,,,,,,,,677,41224.57
677,677,,,,,,,,678,42623.57
678,678,,,,,,,,679,43823.57
679,679,,,,,,,,680,46420.57
680,680,,,,,,,,681,49736.57
681,681,,,,,,,,682,53413.57
682,682,,,,,,,,683,56806.57
683,683,,,,,,,,684,59187.57
684,684,,,,,,,,685,60983.57
685,685,,,,,,,,686,62195.57
686,686,,,,,,,,687,62929.57
687,687,,,,,,,,688,63401.57
688,688,,,,,,,,689,62862.57
689,689,,,,,,,,690,61271.57
690,690,,,,,,,,691,59003.57
691,691,,,,,,,,692,56703.57
692,692,,,,,,,,693,54862.57
693,693,,,,,,,,694,51243.57
694,694,,,,,,,,695,47284.57
695,695,,,,,,,,696,44098.57
696,696,,,,,,,,697,41852.57
697,697,,,,,,,,698,40209.57
698,698,,,,,,,,699,39174.57
699,699,,,,,,,,700,39132.57
700,700,,,,,,,,701,40162.57
701,701,,,,,,,,702,41718.57
702,702,,,,,,,,703,43076.57
703,703,,,,,,,,704,45502.57
704,704,,,,,,,,705,48491.57
705,705,,,,,,,,706,51355.57
706,706,,,,,,,,707,53761.57
707,707,,,,,,,,708,55638.57
708,708,,,,,,,,709,57678.57
709,709,,,,,,,,710,59497.57
710,710,,,,,,,,711,61280.57
711,711,,,,,,,,712,62031.57
712,712,,,,,,,,713,61336.57
713,713,,,,,,,,714,59452.57
714,714,,,,,,,,715,57003.57
715,715,,,,,,,,716,54838.57
716,716,,,,,,,,717,53261.57
717,717,,,,,,,,718,50336.57
718,718,,,,,,,,719,46962.57
719,719,,,,,,,,720,44023.57
720,720,,,,,,,,721,41934.57
721,721,,,,,,,,722,40524.57
722,722,,,,,,,,723,39572.57
723,723,,,,,,,,724,39089.57
724,724,,,,,,,,725,39229.57
725,725,,,,,,,,726,39473.57
726,726,,,,,,,,727,39836.57
727,727,,,,,,,,728,42063.57
728,728,,,,,,,,729,45606.57
729,729,,,,,,,,730,49587.57
730,730,,,,,,,,731,53085.57
731,731,,,,,,,,732,56195.57
732,732,,,,,,,,733,58892.57
733,733,,,,,,,,734,60812.57
734,734,,,,,,,,735,62145.57
735,735,,,,,,,,736,62595.57
736,736,,,,,,,,737,62149.57
737,737,,,,,,,,738,60595.57
738,738,,,,,,,,739,57957.57
739,739,,,,,,,,740,55276.57
740,740,,,,,,,,741,53278.57
741,741,,,,,,,,742,51160.57
742,742,,,,,,,,743,48918.57
743,743,,,,,,,,744,46039.57
744,744,,,,,,,,745,43681.57
745,745,,,,,,,,746,41921.57
746,746,,,,,,,,747,40851.57
747,747,,,,,,,,748,40564.57
748,748,,,,,,,,749,41294.57
749,749,,,,,,,,750,42122.57
750,750,,,,,,,,751,43050.57
751,751,,,,,,,,752,45702.57
752,752,,,,,,,,753,49320.57
753,753,,,,,,,,754,53029.57
754,754,,,,,,,,755,56514.57
755,755,,,,,,,,756,59553.57
756,756,,,,,,,,757,62188.57
757,757,,,,,,,,758,64302.57
758,758,,,,,,,,759,65975.57
759,759,,,,,,,,760,66784.57
760,760,,,,,,,,761,66589.57
761,761,,,,,,,,762,64937.57
762,762,,,,,,,,763,62289.57
763,763,,,,,,,,764,59475.57
764,764,,,,,,,,765,57438.57
765,765,,,,,,,,766,54203.57
766,766,,,,,,,,767,50675.57
767,767,,,,,,,,768,47210.57
768,768,,,,,,,,769,44596.57
769,769,,,,,,,,770,42595.57
770,770,,,,,,,,771,41193.57
771,771,,,,,,,,772,40296.57
772,772,,,,,,,,773,39988.57
773,773,,,,,,,,774,39728.57
774,774,,,,,,,,775,40471.57
775,775,,,,,,,,776,43385.57
776,776,,,,,,,,777,47176.57
777,777,,,,,,,,778,51197.57
778,778,,,,,,,,779,54969.57
779,779,,,,,,,,780,58355.57
780,780,,,,,,,,781,61180.57
781,781,,,,,,,,782,63318.57
782,782,,,,,,,,783,64741.57
783,783,,,,,,,,784,65454.57
784,784,,,,,,,,785,64799.57
785,785,,,,,,,,786,62212.57
786,786,,,,,,,,787,58840.57
787,787,,,,,,,,788,56305.57
788,788,,,,,,,,789,54308.57
789,789,,,,,,,,790,51289.57
790,790,,,,,,,,791,48010.57
791,791,,,,,,,,792,44993.57
792,792,,,,,,,,793,42601.57
793,793,,,,,,,,794,40768.57
794,794,,,,,,,,795,39505.57
795,795,,,,,,,,796,38701.57
796,796,,,,,,,,797,38386.57
797,797,,,,,,,,798,38164.57
798,798,,,,,,,,799,38829.57
799,799,,,,,,,,800,41970.57
800,800,,,,,,,,801,46118.57
801,801,,,,,,,,802,50334.57
802,802,,,,,,,,803,54338.57
803,803,,,,,,,,804,57921.57
804,804,,,,,,,,805,61025.57
805,805,,,,,,,,806,63374.57
806,806,,,,,,,,807,65079.57
807,807,,,,,,,,808,66080.57
808,808,,,,,,,,809,66124.57
809,809,,,,,,,,810,65021.57
810,810,,,,,,,,811,62943.57
811,811,,,,,,,,812,60447.57
812,812,,,,,,,,813,58490.57
813,813,,,,,,,,814,54898.57
814,814,,,,,,,,815,50938.57
815,815,,,,,,,,816,47349.57
816,816,,,,,,,,817,44671.57
817,817,,,,,,,,818,42761.57
818,818,,,,,,,,819,41617.57
819,819,,,,,,,,820,41398.57
820,820,,,,,,,,821,42372.57
821,821,,,,,,,,822,43674.57
822,822,,,,,,,,823,45014.57
823,823,,,,,,,,824,47836.57
824,824,,,,,,,,825,51557.57
825,825,,,,,,,,826,55783.57
826,826,,,,,,,,827,59599.57
827,827,,,,,,,,828,62968.57
828,828,,,,,,,,829,65869.57
829,829,,,,,,,,830,67929.57
830,830,,,,,,,,831,68671.57
831,831,,,,,,,,832,68110.57
832,832,,,,,,,,833,66455.57
833,833,,,,,,,,834,63895.57
834,834,,,,,,,,835,61330.57
835,835,,,,,,,,836,59174.57
836,836,,,,,,,,837,57301.57
837,837,,,,,,,,838,53718.57
838,838,,,,,,,,839,49855.57
839,839,,,,,,,,840,46530.57
840,840,,,,,,,,841,45454.57
841,841,,,,,,,,842,43674.57
842,842,,,,,,,,843,42626.57
843,843,,,,,,,,844,42455.57
844,844,,,,,,,,845,43520.57
845,845,,,,,,,,846,45170.57
846,846,,,,,,,,847,46115.57
847,847,,,,,,,,848,48711.57
848,848,,,,,,,,849,52635.57
849,849,,,,,,,,850,57031.57
850,850,,,,,,,,851,61276.57
851,851,,,,,,,,852,65206.57
852,852,,,,,,,,853,68323.57
853,853,,,,,,,,854,70698.57
854,854,,,,,,,,855,71812.57
855,855,,,,,,,,856,71857.57
856,856,,,,,,,,857,70730.57
857,857,,,,,,,,858,68439.57
858,858,,,,,,,,859,65364.57
859,859,,,,,,,,860,62746.57
860,860,,,,,,,,861,60318.57
861,861,,,,,,,,862,56226.57
862,862,,,,,,,,863,51869.57
863,863,,,,,,,,864,47978.57
864,864,,,,,,,,865,45169.57
865,865,,,,,,,,866,43197.57
866,866,,,,,,,,867,41900.57
867,867,,,,,,,,868,41457.57
868,868,,,,,,,,869,42342.57
869,869,,,,,,,,870,43857.57
870,870,,,,,,,,871,44893.57
871,871,,,,,,,,872,47390.57
872,872,,,,,,,,873,51018.57
873,873,,,,,,,,874,55461.57
874,874,,,,,,,,875,60022.57
875,875,,,,,,,,876,63910.57
876,876,,,,,,,,877,67473.57
877,877,,,,,,,,878,69843.57
878,878,,,,,,,,879,70869.57
879,879,,,,,,,,880,71329.57
880,880,,,,,,,,881,71150.57
881,881,,,,,,,,882,69980.57
882,882,,,,,,,,883,67448.57
883,883,,,,,,,,884,64753.57
884,884,,,,,,,,885,62204.57
885,885,,,,,,,,886,57956.57
886,886,,,,,,,,887,53438.57
887,887,,,,,,,,888,49507.57
888,888,,,,,,,,889,46519.57
889,889,,,,,,,,890,44367.57
890,890,,,,,,,,891,42952.57
891,891,,,,,,,,892,42433.57
892,892,,,,,,,,893,43200.57
893,893,,,,,,,,894,44711.57
894,894,,,,,,,,895,45504.57
895,895,,,,,,,,896,47925.57
896,896,,,,,,,,897,51521.57
897,897,,,,,,,,898,55634.57
898,898,,,,,,,,899,59662.57
899,899,,,,,,,,900,63220.57
900,900,,,,,,,,901,66623.57
901,901,,,,,,,,902,69037.57
902,902,,,,,,,,903,70160.57
903,903,,,,,,,,904,70482.57
904,904,,,,,,,,905,69880.57
905,905,,,,,,,,906,68341.57
906,906,,,,,,,,907,65984.57
907,907,,,,,,,,908,63512.57
908,908,,,,,,,,909,61100.57
909,909,,,,,,,,910,57016.57
910,910,,,,,,,,911,52782.57
911,911,,,,,,,,912,49126.57
912,912,,,,,,,,913,46208.57
913,913,,,,,,,,914,44230.57
914,914,,,,,,,,915,42937.57
915,915,,,,,,,,916,42562.57
916,916,,,,,,,,917,43393.57
917,917,,,,,,,,918,44790.57
918,918,,,,,,,,919,45689.57
919,919,,,,,,,,920,48424.57
920,920,,,,,,,,921,52183.57
921,921,,,,,,,,922,56470.57
922,922,,,,,,,,923,60520.57
923,923,,,,,,,,924,64129.57
924,924,,,,,,,,925,67107.57
925,925,,,,,,,,926,69133.57
926,926,,,,,,,,927,70300.57
927,927,,,,,,,,928,70551.57
928,928,,,,,,,,929,70002.57
929,929,,,,,,,,930,68386.57
930,930,,,,,,,,931,65620.57
931,931,,,,,,,,932,63199.57
932,932,,,,,,,,933,60824.57
933,933,,,,,,,,934,57279.57
934,934,,,,,,,,935,53678.57
935,935,,,,,,,,936,50318.57
936,936,,,,,,,,937,47605.57
937,937,,,,,,,,938,45489.57
938,938,,,,,,,,939,43969.57
939,939,,,,,,,,940,43039.57
940,940,,,,,,,,941,42874.57
941,941,,,,,,,,942,42994.57
942,942,,,,,,,,943,43245.57
943,943,,,,,,,,944,45243.57
944,944,,,,,,,,945,47671.57
945,945,,,,,,,,946,50439.57
946,946,,,,,,,,947,53330.57
947,947,,,,,,,,948,55768.57
948,948,,,,,,,,949,57739.57
949,949,,,,,,,,950,59468.57
950,950,,,,,,,,951,60894.57
951,951,,,,,,,,952,61766.57
952,952,,,,,,,,953,61544.57
953,953,,,,,,,,954,60304.57
954,954,,,,,,,,955,58453.57
955,955,,,,,,,,956,56976.57
956,956,,,,,,,,957,55303.57
957,957,,,,,,,,958,52646.57
958,958,,,,,,,,959,49671.57
959,959,,,,,,,,960,46824.57
960,960,,,,,,,,961,44637.57
961,961,,,,,,,,962,43018.57
962,962,,,,,,,,963,41758.57
963,963,,,,,,,,964,41037.57
964,964,,,,,,,,965,40750.57
965,965,,,,,,,,966,40796.57
966,966,,,,,,,,967,40907.57
967,967,,,,,,,,968,42904.57
968,968,,,,,,,,969,45799.57
969,969,,,,,,,,970,48661.57
970,970,,,,,,,,971,51761.57
971,971,,,,,,,,972,54763.57
972,972,,,,,,,,973,57429.57
973,973,,,,,,,,974,59741.57
974,974,,,,,,,,975,61586.57
975,975,,,,,,,,976,63014.57
976,976,,,,,,,,977,63639.57
977,977,,,,,,,,978,63220.57
978,978,,,,,,,,979,61496.57
979,979,,,,,,,,980,59633.57
980,980,,,,,,,,981,57656.57
981,981,,,,,,,,982,54062.57
982,982,,,,,,,,983,50304.57
983,983,,,,,,,,984,46922.57
984,984,,,,,,,,985,44462.57
985,985,,,,,,,,986,42842.57
986,986,,,,,,,,987,41867.57
987,987,,,,,,,,988,41869.57
988,988,,,,,,,,989,43016.57
989,989,,,,,,,,990,44760.57
990,990,,,,,,,,991,45786.57
991,991,,,,,,,,992,48764.57
992,992,,,,,,,,993,52768.57
993,993,,,,,,,,994,57025.57
994,994,,,,,,,,995,60988.57
995,995,,,,,,,,996,64529.57
996,996,,,,,,,,997,67379.57
997,997,,,,,,,,998,69276.57
998,998,,,,,,,,999,70497.57
999,999,,,,,,,,1000,70837.57
1000,1000,,,,,,,,1001,70541.57
1001,1001,,,,,,,,1002,69602.57
1002,1002,,,,,,,,1003,67261.57
1003,1003,,,,,,,,1004,64996.57
1004,1004,,,,,,,,1005,62576.57
1005,1005,,,,,,,,1006,58273.57
1006,1006,,,,,,,,1007,53828.57
1007,1007,,,,,,,,1008,50156.57
1008,1008,,,,,,,,1009,47464.57
1009,1009,,,,,,,,1010,45523.57
1010,1010,,,,,,,,1011,44242.57
1011,1011,,,,,,,,1012,43979.57
1012,1012,,,,,,,,1013,44890.57
1013,1013,,,,,,,,1014,46543.57
1014,1014,,,,,,,,1015,47359.57
1015,1015,,,,,,,,1016,50006.57
1016,1016,,,,,,,,1017,53798.57
1017,1017,,,,,,,,1018,58368.57
1018,1018,,,,,,,,1019,62800.57
1019,1019,,,,,,,,1020,66596.57
1020,1020,,,,,,,,1021,69341.57
1021,1021,,,,,,,,1022,71214.57
1022,1022,,,,,,,,1023,72066.57
1023,1023,,,,,,,,1024,72209.57
1024,1024,,,,,,,,1025,71807.57
1025,1025,,,,,,,,1026,70664.57
1026,1026,,,,,,,,1027,68197.57
1027,1027,,,,,,,,1028,65939.57
1028,1028,,,,,,,,1029,63482.57
1029,1029,,,,,,,,1030,59301.57
1030,1030,,,,,,,,1031,54939.57
1031,1031,,,,,,,,1032,51302.57
1032,1032,,,,,,,,1033,48565.57
1033,1033,,,,,,,,1034,46719.57
1034,1034,,,,,,,,1035,45565.57
1035,1035,,,,,,,,1036,45409.57
1036,1036,,,,,,,,1037,46298.57
1037,1037,,,,,,,,1038,47896.57
1038,1038,,,,,,,,1039,48611.57
1039,1039,,,,,,,,1040,50792.57
1040,1040,,,,,,,,1041,54646.57
1041,1041,,,,,,,,1042,59070.57
1042,1042,,,,,,,,1043,63458.57
1043,1043,,,,,,,,1044,67288.57
1044,1044,,,,,,,,1045,70756.57
1045,1045,,,,,,,,1046,73097.57
1046,1046,,,,,,,,1047,73939.57
1047,1047,,,,,,,,1048,74182.57
1048,1048,,,,,,,,1049,73957.57
1049,1049,,,,,,,,1050,72925.57
1050,1050,,,,,,,,1051,70394.57
1051,1051,,,,,,,,1052,67913.57
1052,1052,,,,,,,,1053,65106.57
1053,1053,,,,,,,,1054,60699.57
1054,1054,,,,,,,,1055,56256.57
1055,1055,,,,,,,,1056,52261.57
1056,1056,,,,,,,,1057,49455.57
1057,1057,,,,,,,,1058,47464.57
1058,1058,,,,,,,,1059,46273.57
1059,1059,,,,,,,,1060,45996.57
1060,1060,,,,,,,,1061,46856.57
1061,1061,,,,,,,,1062,48382.57
1062,1062,,,,,,,,1063,48963.57
1063,1063,,,,,,,,1064,51141.57
1064,1064,,,,,,,,1065,54696.57
1065,1065,,,,,,,,1066,58904.57
1066,1066,,,,,,,,1067,62911.57
1067,1067,,,,,,,,1068,66643.57
1068,1068,,,,,,,,1069,70019.57
1069,1069,,,,,,,,1070,72194.57
1070,1070,,,,,,,,1071,73133.57
1071,1071,,,,,,,,1072,73399.57
1072,1072,,,,,,,,1073,72847.57
1073,1073,,,,,,,,1074,71286.57
1074,1074,,,,,,,,1075,68942.57
1075,1075,,,,,,,,1076,66691.57
1076,1076,,,,,,,,1077,64282.57
1077,1077,,,,,,,,1078,60316.57
1078,1078,,,,,,,,1079,55977.57
1079,1079,,,,,,,,1080,52359.57
1080,1080,,,,,,,,1081,49541.57
1081,1081,,,,,,,,1082,47623.57
1082,1082,,,,,,,,1083,46367.57
1083,1083,,,,,,,,1084,46123.57
1084,1084,,,,,,,,1085,47128.57
1085,1085,,,,,,,,1086,48658.57
1086,1086,,,,,,,,1087,49303.57
1087,1087,,,,,,,,1088,51554.57
1088,1088,,,,,,,,1089,55261.57
1089,1089,,,,,,,,1090,59476.57
1090,1090,,,,,,,,1091,63613.57
1091,1091,,,,,,,,1092,67227.57
1092,1092,,,,,,,,1093,70523.57
1093,1093,,,,,,,,1094,72778.57
1094,1094,,,,,,,,1095,73979.57
1095,1095,,,,,,,,1096,74176.57
1096,1096,,,,,,,,1097,73675.57
1097,1097,,,,,,,,1098,71899.57
1098,1098,,,,,,,,1099,68915.57
1099,1099,,,,,,,,1100,66317.57
1100,1100,,,,,,,,1101,63772.57
1101,1101,,,,,,,,1102,60047.57
1102,1102,,,,,,,,1103,56267.57
1103,1103,,,,,,,,1104,52641.57
1104,1104,,,,,,,,1105,49788.57
1105,1105,,,,,,,,1106,47594.57
1106,1106,,,,,,,,1107,45931.57
1107,1107,,,,,,,,1108,44873.57
1108,1108,,,,,,,,1109,44595.57
1109,1109,,,,,,,,1110,44762.57
1110,1110,,,,,,,,1111,45067.57
1111,1111,,,,,,,,1112,48064.57
1112,1112,,,,,,,,1113,52389.57
1113,1113,,,,,,,,1114,56791.57
1114,1114,,,,,,,,1115,61050.57
1115,1115,,,,,,,,1116,64647.57
1116,1116,,,,,,,,1117,67743.57
1117,1117,,,,,,,,1118,70144.57
1118,1118,,,,,,,,1119,71880.57
1119,1119,,,,,,,,1120,72762.57
1120,1120,,,,,,,,1121,72638.57
1121,1121,,,,,,,,1122,71222.57
1122,1122,,,,,,,,1123,68510.57
1123,1123,,,,,,,,1124,65870.57
1124,1124,,,,,,,,1125,63533.57
1125,1125,,,,,,,,1126,59990.57
1126,1126,,,,,,,,1127,56185.57
1127,1127,,,,,,,,1128,52539.57
1128,1128,,,,,,,,1129,49650.57
1129,1129,,,,,,,,1130,47495.57
1130,1130,,,,,,,,1131,45849.57
1131,1131,,,,,,,,1132,44737.57
1132,1132,,,,,,,,1133,44118.57
1133,1133,,,,,,,,1134,43854.57
1134,1134,,,,,,,,1135,43875.57
1135,1135,,,,,,,,1136,46816.57
1136,1136,,,,,,,,1137,51077.57
1137,1137,,,,,,,,1138,55527.57
1138,1138,,,,,,,,1139,59772.57
1139,1139,,,,,,,,1140,63716.57
1140,1140,,,,,,,,1141,67081.57
1141,1141,,,,,,,,1142,69733.57
1142,1142,,,,,,,,1143,71623.57
1143,1143,,,,,,,,1144,72778.57
1144,1144,,,,,,,,1145,72932.57
1145,1145,,,,,,,,1146,71722.57
1146,1146,,,,,,,,1147,69422.57
1147,1147,,,,,,,,1148,67153.57
1148,1148,,,,,,,,1149,64812.57
1149,1149,,,,,,,,1150,60787.57
1150,1150,,,,,,,,1151,56294.57
1151,1151,,,,,,,,1152,52452.57
1152,1152,,,,,,,,1153,49669.57
1153,1153,,,,,,,,1154,47622.57
1154,1154,,,,,,,,1155,46434.57
1155,1155,,,,,,,,1156,46207.57
1156,1156,,,,,,,,1157,47191.57
1157,1157,,,,,,,,1158,48887.57
1158,1158,,,,,,,,1159,49622.57
1159,1159,,,,,,,,1160,52207.57
1160,1160,,,,,,,,1161,56243.57
1161,1161,,,,,,,,1162,60702.57
1162,1162,,,,,,,,1163,65060.57
1163,1163,,,,,,,,1164,68772.57
1164,1164,,,,,,,,1165,71943.57
1165,1165,,,,,,,,1166,74349.57
1166,1166,,,,,,,,1167,75379.57
1167,1167,,,,,,,,1168,75719.57
1168,1168,,,,,,,,1169,75576.57
1169,1169,,,,,,,,1170,74674.57
1170,1170,,,,,,,,1171,72511.57
1171,1171,,,,,,,,1172,70011.57
1172,1172,,,,,,,,1173,66932.57
1173,1173,,,,,,,,1174,62406.57
1174,1174,,,,,,,,1175,57858.57
1175,1175,,,,,,,,1176,53993.57
1176,1176,,,,,,,,1177,51655.57
1177,1177,,,,,,,,1178,49701.57
1178,1178,,,,,,,,1179,48381.57
1179,1179,,,,,,,,1180,48001.57
1180,1180,,,,,,,,1181,48942.57
1181,1181,,,,,,,,1182,50528.57
1182,1182,,,,,,,,1183,50288.57
1183,1183,,,,,,,,1184,50744.57
1184,1184,,,,,,,,1185,52546.57
1185,1185,,,,,,,,1186,54854.57
1186,1186,,,,,,,,1187,56777.57
1187,1187,,,,,,,,1188,58893.57
1188,1188,,,,,,,,1189,61050.57
1189,1189,,,,,,,,1190,62021.57
1190,1190,,,,,,,,1191,61948.57
1191,1191,,,,,,,,1192,61999.57
1192,1192,,,,,,,,1193,61638.57
1193,1193,,,,,,,,1194,60310.57
1194,1194,,,,,,,,1195,58843.57
1195,1195,,,,,,,,1196,58228.57
1196,1196,,,,,,,,1197,55946.57
1197,1197,,,,,,,,1198,52119.57
1198,1198,,,,,,,,1199,48442.57
1199,1199,,,,,,,,1200,45501.57
1200,1200,,,,,,,,1201,43448.57
1201,1201,,,,,,,,1202,41901.57
1202,1202,,,,,,,,1203,41188.57
1203,1203,,,,,,,,1204,41181.57
1204,1204,,,,,,,,1205,42757.57
1205,1205,,,,,,,,1206,45518.57
1206,1206,,,,,,,,1207,46214.57
1207,1207,,,,,,,,1208,47930.57
1208,1208,,,,,,,,1209,50745.57
1209,1209,,,,,,,,1210,54318.57
1210,1210,,,,,,,,1211,57814.57
1211,1211,,,,,,,,1212,61049.57
1212,1212,,,,,,,,1213,63903.57
1213,1213,,,,,,,,1214,66188.57
1214,1214,,,,,,,,1215,67565.57
1215,1215,,,,,,,,1216,68134.57
1216,1216,,,,,,,,1217,67100.57
1217,1217,,,,,,,,1218,64820.57
1218,1218,,,,,,,,1219,62378.57
1219,1219,,,,,,,,1220,60973.57
1220,1220,,,,,,,,1221,58008.57
1221,1221,,,,,,,,1222,53704.57
1222,1222,,,,,,,,1223,49614.57
1223,1223,,,,,,,,1224,46331.57
1224,1224,,,,,,,,1225,44060.57
1225,1225,,,,,,,,1226,42527.57
1226,1226,,,,,,,,1227,41606.57
1227,1227,,,,,,,,1228,41627.57
1228,1228,,,,,,,,1229,42990.57
1229,1229,,,,,,,,1230,45508.57
1230,1230,,,,,,,,1231,46106.57
1231,1231,,,,,,,,1232,47815.57
1232,1232,,,,,,,,1233,51255.57
1233,1233,,,,,,,,1234,55556.57
1234,1234,,,,,,,,1235,59726.57
1235,1235,,,,,,,,1236,63604.57
1236,1236,,,,,,,,1237,67051.57
1237,1237,,,,,,,,1238,69747.57
1238,1238,,,,,,,,1239,71448.57
1239,1239,,,,,,,,1240,72077.57
1240,1240,,,,,,,,1241,71492.57
1241,1241,,,,,,,,1242,69671.57
1242,1242,,,,,,,,1243,66781.57
1243,1243,,,,,,,,1244,65019.57
1244,1244,,,,,,,,1245,61972.57
1245,1245,,,,,,,,1246,57606.57
1246,1246,,,,,,,,1247,53382.57
1247,1247,,,,,,,,1248,49791.57
1248,1248,,,,,,,,1249,47116.57
1249,1249,,,,,,,,1250,45139.57
1250,1250,,,,,,,,1251,43852.57
1251,1251,,,,,,,,1252,43549.57
1252,1252,,,,,,,,1253,44776.57
1253,1253,,,,,,,,1254,47043.57
1254,1254,,,,,,,,1255,47386.57
1255,1255,,,,,,,,1256,49047.57
1256,1256,,,,,,,,1257,52305.57
1257,1257,,,,,,,,1258,56122.57
1258,1258,,,,,,,,1259,59877.57
1259,1259,,,,,,,,1260,63103.57
1260,1260,,,,,,,,1261,65784.57
1261,1261,,,,,,,,1262,65552.57
1262,1262,,,,,,,,1263,64666.57
1263,1263,,,,,,,,1264,63600.57
1264,1264,,,,,,,,1265,62036.57
1265,1265,,,,,,,,1266,59641.57
1266,1266,,,,,,,,1267,56992.57
1267,1267,,,,,,,,1268,55827.57
1268,1268,,,,,,,,1269,53693.57
1269,1269,,,,,,,,1270,50806.57
1270,1270,,,,,,,,1271,47689.57
1271,1271,,,,,,,,1272,44792.57
1272,1272,,,,,,,,1273,42439.57
1273,1273,,,,,,,,1274,40705.57
1274,1274,,,,,,,,1275,39508.57
1275,1275,,,,,,,,1276,38858.57
1276,1276,,,,,,,,1277,38845.57
1277,1277,,,,,,,,1278,39360.57
1278,1278,,,,,,,,1279,39842.57
1279,1279,,,,,,,,1280,42259.57
1280,1280,,,,,,,,1281,45723.57
1281,1281,,,,,,,,1282,49186.57
1282,1282,,,,,,,,1283,52479.57
1283,1283,,,,,,,,1284,55337.57
1284,1284,,,,,,,,1285,57703.57
1285,1285,,,,,,,,1286,59479.57
1286,1286,,,,,,,,1287,60555.57
1287,1287,,,,,,,,1288,61046.57
1288,1288,,,,,,,,1289,60734.57
1289,1289,,,,,,,,1290,59372.57
1290,1290,,,,,,,,1291,56918.57
1291,1291,,,,,,,,1292,55404.57
1292,1292,,,,,,,,1293,53021.57
1293,1293,,,,,,,,1294,49883.57
1294,1294,,,,,,,,1295,46865.57
1295,1295,,,,,,,,1296,43906.57
1296,1296,,,,,,,,1297,41727.57
1297,1297,,,,,,,,1298,40009.57
1298,1298,,,,,,,,1299,38771.57
1299,1299,,,,,,,,1300,38057.57
1300,1300,,,,,,,,1301,37787.57
1301,1301,,,,,,,,1302,37899.57
1302,1302,,,,,,,,1303,38011.57
1303,1303,,,,,,,,1304,40816.57
1304,1304,,,,,,,,1305,45235.57
1305,1305,,,,,,,,1306,49912.57
1306,1306,,,,,,,,1307,54118.57
1307,1307,,,,,,,,1308,57762.57
1308,1308,,,,,,,,1309,60775.57
1309,1309,,,,,,,,1310,63114.57
1310,1310,,,,,,,,1311,64491.57
1311,1311,,,,,,,,1312,65160.57
1312,1312,,,,,,,,1313,64821.57
1313,1313,,,,,,,,1314,63005.57
1314,1314,,,,,,,,1315,60117.57
1315,1315,,,,,,,,1316,58154.57
1316,1316,,,,,,,,1317,55248.57
1317,1317,,,,,,,,1318,51870.57
1318,1318,,,,,,,,1319,48416.57
1319,1319,,,,,,,,1320,45314.57
1320,1320,,,,,,,,1321,42914.57
1321,1321,,,,,,,,1322,41154.57
1322,1322,,,,,,,,1323,39933.57
1323,1323,,,,,,,,1324,39379.57
1324,1324,,,,,,,,1325,39381.57
1325,1325,,,,,,,,1326,39561.57
1326,1326,,,,,,,,1327,39380.57
1327,1327,,,,,,,,1328,41904.57
1328,1328,,,,,,,,1329,46383.57
1329,1329,,,,,,,,1330,51581.57
1330,1330,,,,,,,,1331,56310.57
1331,1331,,,,,,,,1332,60307.57
1332,1332,,,,,,,,1333,63158.57
1333,1333,,,,,,,,1334,65315.57
1334,1334,,,,,,,,1335,66789.57
1335,1335,,,,,,,,1336,67600.57
1336,1336,,,,,,,,1337,67341.57
1337,1337,,,,,,,,1338,65611.57
1338,1338,,,,,,,,1339,62935.57
1339,1339,,,,,,,,1340,61074.57
1340,1340,,,,,,,,1341,57660.57
1341,1341,,,,,,,,1342,53084.57
1342,1342,,,,,,,,1343,48642.57
1343,1343,,,,,,,,1344,45114.57
1344,1344,,,,,,,,1345,31671.57
1345,1345,,,,,,,,1346,30702.57
1346,1346,,,,,,,,1347,30200.57
1347,1347,,,,,,,,1348,30161.57
1348,1348,,,,,,,,1349,30766.57
1349,1349,,,,,,,,1350,32780.57
1350,1350,,,,,,,,1351,36104.57
1351,1351,,,,,,,,1352,37245.57
1352,1352,,,,,,,,1353,38017.57
1353,1353,,,,,,,,1354,39149.57
1354,1354,,,,,,,,1355,40221.57
1355,1355,,,,,,,,1356,41081.57
1356,1356,,,,,,,,1357,41582.57
1357,1357,,,,,,,,1358,42271.57
1358,1358,,,,,,,,1359,42732.57
1359,1359,,,,,,,,1360,42798.57
1360,1360,,,,,,,,1361,42762.57
1361,1361,,,,,,,,1362,42982.57
1362,1362,,,,,,,,1363,43696.57
1363,1363,,,,,,,,1364,42980.57
1364,1364,,,,,,,,1365,41772.57
1365,1365,,,,,,,,1366,39835.57
1366,1366,,,,,,,,1367,37205.57
1367,1367,,,,,,,,1368,34611.57
1368,1368,,,,,,,,1369,32794.57
1369,1369,,,,,,,,1370,31681.57
1370,1370,,,,,,,,1371,31141.57
1371,1371,,,,,,,,1372,30929.57
1372,1372,,,,,,,,1373,31524.57
1373,1373,,,,,,,,1374,33468.57
1374,1374,,,,,,,,1375,36524.57
1375,1375,,,,,,,,1376,37644.57
1376,1376,,,,,,,,1377,38349.57
1377,1377,,,,,,,,1378,39508.57
1378,1378,,,,,,,,1379,40705.57
1379,1379,,,,,,,,1380,41715.57
1380,1380,,,,,,,,1381,42527.57
1381,1381,,,,,,,,1382,43389.57
1382,1382,,,,,,,,1383,43667.57
1383,1383,,,,,,,,1384,43614.57
1384,1384,,,,,,,,1385,43308.57
1385,1385,,,,,,,,1386,43404.57
1386,1386,,,,,,,,1387,44005.57
1387,1387,,,,,,,,1388,42756.57
1388,1388,,,,,,,,1389,41510.57
1389,1389,,,,,,,,1390,39607.57
1390,1390,,,,,,,,1391,36996.57
1391,1391,,,,,,,,1392,34381.57
1392,1392,,,,,,,,1393,32469.57
1393,1393,,,,,,,,1394,31355.57
1394,1394,,,,,,,,1395,30839.57
1395,1395,,,,,,,,1396,30680.57
1396,1396,,,,,,,,1397,31285.57
1397,1397,,,,,,,,1398,33370.57
1398,1398,,,,,,,,1399,36717.57
1399,1399,,,,,,,,1400,38013.57
1400,1400,,,,,,,,1401,38695.57
1401,1401,,,,,,,,1402,39786.57
1402,1402,,,,,,,,1403,40893.57
1403,1403,,,,,,,,1404,41636.57
1404,1404,,,,,,,,1405,41875.57
1405,1405,,,,,,,,1406,42130.57
1406,1406,,,,,,,,1407,42201.57
1407,1407,,,,,,,,1408,42167.57
1408,1408,,,,,,,,1409,42626.57
1409,1409,,,,,,,,1410,43874.57
1410,1410,,,,,,,,1411,44673.57
1411,1411,,,,,,,,1412,44067.57
1412,1412,,,,,,,,1413,43236.57
1413,1413,,,,,,,,1414,41675.57
1414,1414,,,,,,,,1415,39339.57
1415,1415,,,,,,,,1416,37251.57
1416,1416,,,,,,,,1417,35886.57
1417,1417,,,,,,,,1418,35077.57
1418,1418,,,,,,,,1419,34774.57
1419,1419,,,,,,,,1420,34897.57
1420,1420,,,,,,,,1421,35802.57
1421,1421,,,,,,,,1422,38314.57
1422,1422,,,,,,,,1423,42075.57
1423,1423,,,,,,,,1424,43349.57
1424,1424,,,,,,,,1425,43597.57
1425,1425,,,,,,,,1426,43818.57
1426,1426,,,,,,,,1427,43424.57
1427,1427,,,,,,,,1428,42634.57
1428,1428,,,,,,,,1429,41689.57
1429,1429,,,,,,,,1430,41178.57
1430,1430,,,,,,,,1431,40504.57
1431,1431,,,,,,,,1432,40088.57
1432,1432,,,,,,,,1433,40363.57
1433,1433,,,,,,,,1434,41691.57
1434,1434,,,,,,,,1435,42770.57
1435,1435,,,,,,,,1436,42312.57
1436,1436,,,,,,,,1437,41858.57
1437,1437,,,,,,,,1438,41042.57
1438,1438,,,,,,,,1439,39725.57
1439,1439,,,,,,,,1440,38165.57
1440,1440,,,,,,,,1441,37007.57
1441,1441,,,,,,,,1442,36275.57
1442,1442,,,,,,,,1443,36012.57
1443,1443,,,,,,,,1444,36135.57
1444,1444,,,,,,,,1445,36770.57
1445,1445,,,,,,,,1446,37904.57
1446,1446,,,,,,,,1447,39531.57
1447,1447,,,,,,,,1448,40729.57
1448,1448,,,,,,,,1449,40834.57
1449,1449,,,,,,,,1450,39967.57
1450,1450,,,,,,,,1451,38751.57
1451,1451,,,,,,,,1452,37410.57
1452,1452,,,,,,,,1453,36339.57
1453,1453,,,,,,,,1454,35619.57
1454,1454,,,,,,,,1455,35188.57
1455,1455,,,,,,,,1456,35035.57
1456,1456,,,,,,,,1457,35163.57
1457,1457,,,,,,,,1458,35998.57
1458,1458,,,,,,,,1459,37140.57
1459,1459,,,,,,,,1460,36910.57
1460,1460,,,,,,,,1461,36509.57
1461,1461,,,,,,,,1462,35874.57
1462,1462,,,,,,,,1463,34783.57
1463,1463,,,,,,,,1464,33509.57
1464,1464,,,,,,,,1465,32505.57
1465,1465,,,,,,,,1466,31945.57
1466,1466,,,,,,,,1467,31647.57
1467,1467,,,,,,,,1468,31594.57
1468,1468,,,,,,,,1469,32004.57
1469,1469,,,,,,,,1470,32798.57
1470,1470,,,,,,,,1471,34019.57
1471,1471,,,,,,,,1472,35012.57
1472,1472,,,,,,,,1473,35658.57
1473,1473,,,,,,,,1474,35608.57
1474,1474,,,,,,,,1475,35378.57
1475,1475,,,,,,,,1476,35254.57
1476,1476,,,,,,,,1477,35408.57
1477,1477,,,,,,,,1478,35636.57
1478,1478,,,,,,,,1479,35842.57
1479,1479,,,,,,,,1480,35947.57
1480,1480,,,,,,,,1481,36159.57
1481,1481,,,,,,,,1482,37413.57
1482,1482,,,,,,,,1483,38801.57
1483,1483,,,,,,,,1484,38487.57
1484,1484,,,,,,,,1485,37669.57
1485,1485,,,,,,,,1486,36532.57
1486,1486,,,,,,,,1487,34717.57
1487,1487,,,,,,,,1488,32669.57
1488,1488,,,,,,,,1489,31083.57
1489,1489,,,,,,,,1490,30172.57
1490,1490,,,,,,,,1491,29749.57
1491,1491,,,,,,,,1492,29704.57
1492,1492,,,,,,,,1493,30379.57
1493,1493,,,,,,,,1494,32311.57
1494,1494,,,,,,,,1495,35415.57
1495,1495,,,,,,,,1496,36951.57
1496,1496,,,,,,,,1497,37808.57
1497,1497,,,,,,,,1498,38952.57
1498,1498,,,,,,,,1499,40103.57
1499,1499,,,,,,,,1500,41097.57
1500,1500,,,,,,,,1501,42102.57
1501,1501,,,,,,,,1502,43024.57
1502,1502,,,,,,,,1503,43730.57
1503,1503,,,,,,,,1504,44599.57
1504,1504,,,,,,,,1505,46097.57
1505,1505,,,,,,,,1506,48556.57
1506,1506,,,,,,,,1507,50327.57
1507,1507,,,,,,,,1508,50671.57
1508,1508,,,,,,,,1509,50550.57
1509,1509,,,,,,,,1510,49451.57
1510,1510,,,,,,,,1511,47567.57
1511,1511,,,,,,,,1512,46151.57
1512,1512,,,,,,,,1513,37664.57
1513,1513,,,,,,,,1514,37170.57
1514,1514,,,,,,,,1515,37140.57
1515,1515,,,,,,,,1516,37603.57
1516,1516,,,,,,,,1517,38923.57
1517,1517,,,,,,,,1518,41860.57
1518,1518,,,,,,,,1519,46006.57
1519,1519,,,,,,,,1520,46965.57
1520,1520,,,,,,,,1521,45260.57
1521,1521,,,,,,,,1522,43144.57
1522,1522,,,,,,,,1523,41480.57
1523,1523,,,,,,,,1524,40105.57
1524,1524,,,,,,,,1525,39195.57
1525,1525,,,,,,,,1526,38801.57
1526,1526,,,,,,,,1527,38534.57
1527,1527,,,,,,,,1528,38418.57
1528,1528,,,,,,,,1529,38591.57
1529,1529,,,,,,,,1530,40068.57
1530,1530,,,,,,,,1531,41610.57
1531,1531,,,,,,,,1532,41550.57
1532,1532,,,,,,,,1533,41197.57
1533,1533,,,,,,,,1534,39997.57
1534,1534,,,,,,,,1535,37876.57
1535,1535,,,,,,,,1536,35748.57
1536,1536,,,,,,,,1537,34460.57
1537,1537,,,,,,,,1538,33903.57
1538,1538,,,,,,,,1539,33927.57
1539,1539,,,,,,,,1540,34339.57
1540,1540,,,,,,,,1541,35553.57
1541,1541,,,,,,,,1542,38398.57
1542,1542,,,,,,,,1543,42491.57
1543,1543,,,,,,,,1544,43635.57
1544,1544,,,,,,,,1545,42346.57
1545,1545,,,,,,,,1546,41044.57
1546,1546,,,,,,,,1547,40031.57
1547,1547,,,,,,,,1548,39257.57
1548,1548,,,,,,,,1549,38926.57
1549,1549,,,,,,,,1550,38925.57
1550,1550,,,,,,,,1551,38895.57
1551,1551,,,,,,,,1552,38796.57
1552,1552,,,,,,,,1553,38974.57
1553,1553,,,,,,,,1554,40414.57
1554,1554,,,,,,,,1555,41697.57
1555,1555,,,,,,,,1556,41424.57
1556,1556,,,,,,,,1557,41020.57
1557,1557,,,,,,,,1558,39858.57
1558,1558,,,,,,,,1559,37553.57
1559,1559,,,,,,,,1560,35160.57
1560,1560,,,,,,,,1561,33563.57
1561,1561,,,,,,,,1562,32830.57
1562,1562,,,,,,,,1563,32551.57
1563,1563,,,,,,,,1564,32746.57
1564,1564,,,,,,,,1565,33666.57
1565,1565,,,,,,,,1566,36154.57
1566,1566,,,,,,,,1567,39783.57
1567,1567,,,,,,,,1568,40889.57
1568,1568,,,,,,,,1569,40320.57
1569,1569,,,,,,,,1570,39907.57
1570,1570,,,,,,,,1571,39592.57
1571,1571,,,,,,,,1572,39367.57
1572,1572,,,,,,,,1573,39337.57
1573,1573,,,,,,,,1574,39570.57
1574,1574,,,,,,,,1575,39662.57
1575,1575,,,,,,,,1576,39630.57
1576,1576,,,,,,,,1577,39745.57
1577,1577,,,,,,,,1578,40731.57
1578,1578,,,,,,,,1579,41844.57
1579,1579,,,,,,,,1580,41589.57
1580,1580,,,,,,,,1581,41015.57
1581,1581,,,,,,,,1582,39661.57
1582,1582,,,,,,,,1583,37416.57
1583,1583,,,,,,,,1584,34885.57
1584,1584,,,,,,,,1585,32913.57
1585,1585,,,,,,,,1586,31856.57
1586,1586,,,,,,,,1587,31438.57
1587,1587,,,,,,,,1588,31303.57
1588,1588,,,,,,,,1589,32085.57
1589,1589,,,,,,,,1590,34226.57
1590,1590,,,,,,,,1591,37883.57
1591,1591,,,,,,,,1592,39360.57
1592,1592,,,,,,,,1593,39385.57
1593,1593,,,,,,,,1594,39617.57
1594,1594,,,,,,,,1595,39658.57
1595,1595,,,,,,,,1596,39545.57
1596,1596,,,,,,,,1597,39348.57
1597,1597,,,,,,,,1598,39406.57
1598,1598,,,,,,,,1599,39418.57
1599,1599,,,,,,,,1600,39299.57
1600,1600,,,,,,,,1601,39218.57
1601,1601,,,,,,,,1602,40100.57
1602,1602,,,,,,,,1603,40928.57
1603,1603,,,,,,,,1604,40256.57
1604,1604,,,,,,,,1605,39657.57
1605,1605,,,,,,,,1606,38877.57
1606,1606,,,,,,,,1607,37479.57
1607,1607,,,,,,,,1608,35794.57
1608,1608,,,,,,,,1609,34386.57
1609,1609,,,,,,,,1610,33591.57
1610,1610,,,,,,,,1611,33218.57
1611,1611,,,,,,,,1612,33272.57
1612,1612,,,,,,,,1613,33852.57
1613,1613,,,,,,,,1614,35076.57
1614,1614,,,,,,,,1615,37042.57
1615,1615,,,,,,,,1616,38793.57
1616,1616,,,,,,,,1617,39890.57
1617,1617,,,,,,,,1618,39751.57
1618,1618,,,,,,,,1619,39104.57
1619,1619,,,,,,,,1620,38338.57
1620,1620,,,,,,,,1621,37650.57
1621,1621,,,,,,,,1622,37213.57
1622,1622,,,,,,,,1623,36855.57
1623,1623,,,,,,,,1624,36845.57
1624,1624,,,,,,,,1625,36975.57
1625,1625,,,,,,,,1626,38234.57
1626,1626,,,,,,,,1627,39359.57
1627,1627,,,,,,,,1628,39134.57
1628,1628,,,,,,,,1629,38872.57
1629,1629,,,,,,,,1630,38338.57
1630,1630,,,,,,,,1631,37199.57
1631,1631,,,,,,,,1632,35737.57
1632,1632,,,,,,,,1633,34451.57
1633,1633,,,,,,,,1634,33559.57
1634,1634,,,,,,,,1635,33075.57
1635,1635,,,,,,,,1636,32915.57
1636,1636,,,,,,,,1637,33072.57
1637,1637,,,,,,,,1638,33629.57
1638,1638,,,,,,,,1639,34779.57
1639,1639,,,,,,,,1640,35918.57
1640,1640,,,,,,,,1641,37067.57
1641,1641,,,,,,,,1642,37463.57
1642,1642,,,,,,,,1643,37360.57
1643,1643,,,,,,,,1644,37172.57
1644,1644,,,,,,,,1645,37143.57
1645,1645,,,,,,,,1646,37247.57
1646,1646,,,,,,,,1647,37404.57
1647,1647,,,,,,,,1648,37524.57
1648,1648,,,,,,,,1649,37882.57
1649,1649,,,,,,,,1650,39695.57
1650,1650,,,,,,,,1651,41390.57
1651,1651,,,,,,,,1652,41195.57
1652,1652,,,,,,,,1653,40579.57
1653,1653,,,,,,,,1654,39192.57
1654,1654,,,,,,,,1655,36823.57
1655,1655,,,,,,,,1656,34304.57
1656,1656,,,,,,,,1657,32430.57
1657,1657,,,,,,,,1658,31366.57
1658,1658,,,,,,,,1659,30877.57
1659,1659,,,,,,,,1660,30848.57
1660,1660,,,,,,,,1661,31607.57
1661,1661,,,,,,,,1662,33705.57
1662,1662,,,,,,,,1663,37199.57
1663,1663,,,,,,,,1664,38505.57
1664,1664,,,,,,,,1665,38792.57
1665,1665,,,,,,,,1666,39462.57
1666,1666,,,,,,,,1667,40294.57
1667,1667,,,,,,,,1668,41052.57
1668,1668,,,,,,,,1669,41589.57
1669,1669,,,,,,,,1670,42251.57
1670,1670,,,,,,,,1671,42461.57
1671,1671,,,,,,,,1672,42434.57
1672,1672,,,,,,,,1673,42670.57
1673,1673,,,,,,,,1674,44118.57
1674,1674,,,,,,,,1675,45397.57
1675,1675,,,,,,,,1676,45039.57
1676,1676,,,,,,,,1677,44263.57
1677,1677,,,,,,,,1678,42782.57
1678,1678,,,,,,,,1679,40347.57
1679,1679,,,,,,,,1680,37866.57
1680,1680,,,,,,,,1681,37756.57
1681,1681,,,,,,,,1682,37220.57
1682,1682,,,,,,,,1683,37212.57
1683,1683,,,,,,,,1684,37555.57
1684,1684,,,,,,,,1685,38550.57
1685,1685,,,,,,,,1686,40398.57
1686,1686,,,,,,,,1687,42646.57
1687,1687,,,,,,,,1688,44203.57
1688,1688,,,,,,,,1689,44222.57
1689,1689,,,,,,,,1690,42764.57
1690,1690,,,,,,,,1691,40839.57
1691,1691,,,,,,,,1692,39285.57
1692,1692,,,,,,,,1693,38082.57
1693,1693,,,,,,,,1694,37393.57
1694,1694,,,,,,,,1695,37075.57
1695,1695,,,,,,,,1696,36837.57
1696,1696,,,,,,,,1697,36769.57
1697,1697,,,,,,,,1698,37744.57
1698,1698,,,,,,,,1699,38740.57
1699,1699,,,,,,,,1700,38077.57
1700,1700,,,,,,,,1701,37473.57
1701,1701,,,,,,,,1702,36888.57
1702,1702,,,,,,,,1703,36109.57
1703,1703,,,,,,,,1704,35038.57
1704,1704,,,,,,,,1705,34030.57
1705,1705,,,,,,,,1706,33442.57
1706,1706,,,,,,,,1707,33155.57
1707,1707,,,,,,,,1708,33145.57
1708,1708,,,,,,,,1709,33592.57
1709,1709,,,,,,,,1710,34519.57
1710,1710,,,,,,,,1711,35712.57
1711,1711,,,,,,,,1712,36689.57
1712,1712,,,,,,,,1713,37295.57
1713,1713,,,,,,,,1714,37224.57
1714,1714,,,,,,,,1715,36780.57
1715,1715,,,,,,,,1716,36310.57
1716,1716,,,,,,,,1717,35674.57
1717,1717,,,,,,,,1718,35142.57
1718,1718,,,,,,,,1719,34746.57
1719,1719,,,,,,,,1720,34514.57
1720,1720,,,,,,,,1721,34328.57
1721,1721,,,,,,,,1722,35149.57
1722,1722,,,,,,,,1723,36398.57
1723,1723,,,,,,,,1724,36225.57
1724,1724,,,,,,,,1725,35952.57
1725,1725,,,,,,,,1726,35402.57
1726,1726,,,,,,,,1727,34267.57
1727,1727,,,,,,,,1728,32718.57
1728,1728,,,,,,,,1729,31359.57
1729,1729,,,,,,,,1730,30507.57
1730,1730,,,,,,,,1731,30128.57
1731,1731,,,,,,,,1732,30165.57
1732,1732,,,,,,,,1733,30818.57
1733,1733,,,,,,,,1734,32346.57
1734,1734,,,,,,,,1735,34361.57
1735,1735,,,,,,,,1736,35734.57
1736,1736,,,,,,,,1737,36640.57
1737,1737,,,,,,,,1738,37647.57
1738,1738,,,,,,,,1739,38370.57
1739,1739,,,,,,,,1740,38651.57
1740,1740,,,,,,,,1741,38549.57
1741,1741,,,,,,,,1742,38471.57
1742,1742,,,,,,,,1743,38220.57
1743,1743,,,,,,,,1744,38025.57
1744,1744,,,,,,,,1745,38007.57
1745,1745,,,,,,,,1746,39189.57
1746,1746,,,,,,,,1747,40290.57
1747,1747,,,,,,,,1748,39653.57
1748,1748,,,,,,,,1749,38828.57
1749,1749,,,,,,,,1750,37739.57
1750,1750,,,,,,,,1751,36061.57
1751,1751,,,,,,,,1752,34073.57
1752,1752,,,,,,,,1753,32345.57
1753,1753,,,,,,,,1754,31342.57
1754,1754,,,,,,,,1755,30760.57
1755,1755,,,,,,,,1756,30615.57
1756,1756,,,,,,,,1757,31111.57
1757,1757,,,,,,,,1758,32470.57
1758,1758,,,,,,,,1759,34378.57
1759,1759,,,,,,,,1760,35799.57
1760,1760,,,,,,,,1761,36663.57
1761,1761,,,,,,,,1762,37421.57
1762,1762,,,,,,,,1763,37839.57
1763,1763,,,,,,,,1764,38075.57
1764,1764,,,,,,,,1765,38080.57
1765,1765,,,,,,,,1766,38172.57
1766,1766,,,,,,,,1767,38091.57
1767,1767,,,,,,,,1768,37999.57
1768,1768,,,,,,,,1769,37842.57
1769,1769,,,,,,,,1770,38881.57
1770,1770,,,,,,,,1771,39936.57
1771,1771,,,,,,,,1772,39361.57
1772,1772,,,,,,,,1773,38696.57
1773,1773,,,,,,,,1774,37733.57
1774,1774,,,,,,,,1775,36232.57
1775,1775,,,,,,,,1776,34366.57
1776,1776,,,,,,,,1777,32729.57
1777,1777,,,,,,,,1778,31519.57
1778,1778,,,,,,,,1779,30715.57
1779,1779,,,,,,,,1780,30399.57
1780,1780,,,,,,,,1781,30414.57
1781,1781,,,,,,,,1782,30921.57
1782,1782,,,,,,,,1783,31933.57
1783,1783,,,,,,,,1784,33064.57
1784,1784,,,,,,,,1785,34452.57
1785,1785,,,,,,,,1786,36065.57
1786,1786,,,,,,,,1787,37359.57
1787,1787,,,,,,,,1788,38133.57
1788,1788,,,,,,,,1789,38369.57
1789,1789,,,,,,,,1790,38337.57
1790,1790,,,,,,,,1791,38318.57
1791,1791,,,,,,,,1792,38087.57
1792,1792,,,,,,,,1793,37888.57
1793,1793,,,,,,,,1794,38864.57
1794,1794,,,,,,,,1795,39743.57
1795,1795,,,,,,,,1796,39388.57
1796,1796,,,,,,,,1797,38879.57
1797,1797,,,,,,,,1798,38084.57
1798,1798,,,,,,,,1799,36737.57
1799,1799,,,,,,,,1800,35325.57
1800,1800,,,,,,,,1801,33893.57
1801,1801,,,,,,,,1802,32859.57
1802,1802,,,,,,,,1803,32255.57
1803,1803,,,,,,,,1804,32051.57
1804,1804,,,,,,,,1805,32088.57
1805,1805,,,,,,,,1806,32572.57
1806,1806,,,,,,,,1807,33496.57
1807,1807,,,,,,,,1808,34795.57
1808,1808,,,,,,,,1809,36152.57
1809,1809,,,,,,,,1810,37415.57
1810,1810,,,,,,,,1811,38085.57
1811,1811,,,,,,,,1812,38272.57
1812,1812,,,,,,,,1813,37935.57
1813,1813,,,,,,,,1814,37456.57
1814,1814,,,,,,,,1815,36893.57
1815,1815,,,,,,,,1816,36626.57
1816,1816,,,,,,,,1817,36781.57
1817,1817,,,,,,,,1818,38532.57
1818,1818,,,,,,,,1819,40788.57
1819,1819,,,,,,,,1820,41241.57
1820,1820,,,,,,,,1821,41132.57
1821,1821,,,,,,,,1822,40772.57
1822,1822,,,,,,,,1823,39613.57
1823,1823,,,,,,,,1824,38244.57
1824,1824,,,,,,,,1825,37281.57
1825,1825,,,,,,,,1826,36903.57
1826,1826,,,,,,,,1827,37078.57
1827,1827,,,,,,,,1828,37586.57
1828,1828,,,,,,,,1829,38898.57
1829,1829,,,,,,,,1830,41318.57
1830,1830,,,,,,,,1831,44359.57
1831,1831,,,,,,,,1832,46460.57
1832,1832,,,,,,,,1833,46324.57
1833,1833,,,,,,,,1834,45006.57
1834,1834,,,,,,,,1835,43552.57
1835,1835,,,,,,,,1836,42015.57
1836,1836,,,,,,,,1837,40630.57
1837,1837,,,,,,,,1838,39625.57
1838,1838,,,,,,,,1839,38768.57
1839,1839,,,,,,,,1840,38317.57
1840,1840,,,,,,,,1841,38530.57
1841,1841,,,,,,,,1842,40457.57
1842,1842,,,,,,,,1843,43060.57
1843,1843,,,,,,,,1844,43548.57
1844,1844,,,,,,,,1845,43741.57
1845,1845,,,,,,,,1846,43344.57
1846,1846,,,,,,,,1847,42215.57
1847,1847,,,,,,,,1848,40879.57
